Project Name,Package Name,Architecture Smell,Cause of the Smell
vert.x,<All packages>,Dense Structure, The tool detected the smell because all the analyzed components exhibit excessive and dense dependencies among themselves. Average degree = 10.29. All the dependencies among components: from: io.vertx.core.cli to: io.vertx.core.json; from: io.vertx.core.cli to: io.vertx.core.json.impl; from: io.vertx.core.cli to: io.vertx.core.cli.annotations; from: io.vertx.core.cli to: io.vertx.core.cli.converters; from: io.vertx.core.cli to: io.vertx.test.core; from: io.vertx.core.datagram to: io.vertx.core.json; from: io.vertx.core.datagram to: io.vertx.core.json.impl; from: io.vertx.core.datagram to: io.vertx.core.buffer; from: io.vertx.core.datagram to: io.vertx.core; from: io.vertx.core.datagram to: io.vertx.core.impl; from: io.vertx.core.datagram to: io.vertx.test.netty; from: io.vertx.core.datagram to: io.vertx.core.net; from: io.vertx.core.datagram to: io.vertx.test.core; from: io.vertx.core to: io.vertx.core.json; from: io.vertx.core to: io.vertx.core.json.impl; from: io.vertx.core to: io.vertx.core.impl.launcher; from: io.vertx.core to: io.vertx.core.impl.future; from: io.vertx.core to: io.vertx.core.http.impl.headers; from: io.vertx.core to: io.vertx.core.net; from: io.vertx.core to: io.vertx.core.http; from: io.vertx.core to: io.vertx.core.datagram; from: io.vertx.core to: io.vertx.core.dns; from: io.vertx.core to: io.vertx.core.spi; from: io.vertx.core to: io.vertx.core.impl; from: io.vertx.core to: io.vertx.core.spi.cluster; from: io.vertx.core to: io.vertx.core.metrics; from: io.vertx.core to: io.vertx.core.tracing; from: io.vertx.core to: io.vertx.core.file; from: io.vertx.core to: io.vertx.core.eventbus; from: io.vertx.core to: io.vertx.test.core; from: io.vertx.core to: io.vertx.core.buffer; from: io.vertx.core to: io.vertx.core.metrics.impl; from: io.vertx.core to: io.vertx.core.impl.verticle; from: io.vertx.core to: io.vertx.core.impl.launcher.commands; from: io.vertx.core to: io.vertx.test.verticles; from: io.vertx.core to: io.vertx.core.spi.metrics; from: io.vertx.core to: io.vertx.test.spi; from: io.vertx.core to: io.vertx.test.fakedns; from: io.vertx.core to: io.vertx.test.fakecluster; from: io.vertx.core to: io.vertx.core.spi.transport; from: io.vertx.core.dns to: io.vertx.core.json; from: io.vertx.core.dns to: io.vertx.core.json.impl; from: io.vertx.core.dns to: io.vertx.core.buffer; from: io.vertx.core.dns to: io.vertx.core.impl; from: io.vertx.core.dns to: io.vertx.test.fakedns; from: io.vertx.core.dns to: io.vertx.core; from: io.vertx.core.dns to: io.vertx.test.netty; from: io.vertx.core.dns to: io.vertx.test.core; from: io.vertx.core.dns to: io.vertx.core.net; from: io.vertx.core.dns to: io.vertx.core.http; from: io.vertx.core.eventbus to: io.vertx.core.json; from: io.vertx.core.eventbus to: io.vertx.core.json.impl; from: io.vertx.core.eventbus to: io.vertx.core.http; from: io.vertx.core.eventbus to: io.vertx.core.buffer; from: io.vertx.core.eventbus to: io.vertx.core.tracing; from: io.vertx.core.eventbus to: io.vertx.core; from: io.vertx.core.eventbus to: io.vertx.core.impl; from: io.vertx.core.eventbus to: io.vertx.core.eventbus.impl; from: io.vertx.core.eventbus to: io.vertx.core.spi.cluster; from: io.vertx.core.eventbus to: io.vertx.test.tls; from: io.vertx.core.eventbus to: io.vertx.test.core; from: io.vertx.core.eventbus to: io.vertx.core.shareddata; from: io.vertx.core.eventbus to: io.vertx.test.fakecluster; from: io.vertx.core.eventbus to: io.vertx.core.streams; from: io.vertx.core.file to: io.vertx.core.json; from: io.vertx.core.file to: io.vertx.core.json.impl; from: io.vertx.core.file to: io.vertx.core; from: io.vertx.core.file to: io.vertx.core.buffer; from: io.vertx.core.file to: io.vertx.core.file.impl; from: io.vertx.core.file to: io.vertx.core.impl; from: io.vertx.core.file to: io.vertx.core.spi.file; from: io.vertx.core.file to: io.vertx.core.streams; from: io.vertx.core.file to: io.vertx.test.core; from: io.vertx.core.file to: io.vertx.core.buffer.impl; from: io.vertx.core.http to: io.vertx.core.json; from: io.vertx.core.http to: io.vertx.core.json.impl; from: io.vertx.core.http to: io.vertx.core.buffer; from: io.vertx.core.http to: io.vertx.core.tracing; from: io.vertx.core.http to: io.vertx.core.impl; from: io.vertx.core.http to: io.vertx.core; from: io.vertx.core.http to: io.vertx.core.net; from: io.vertx.core.http to: io.vertx.core.streams; from: io.vertx.core.http to: io.vertx.core.http.impl.headers; from: io.vertx.core.http to: io.vertx.core.http.impl.ws; from: io.vertx.core.http to: io.vertx.test.proxy; from: io.vertx.core.http to: io.vertx.test.tls; from: io.vertx.core.http to: io.vertx.test.core; from: io.vertx.core.http to: io.vertx.core.parsetools; from: io.vertx.core.http to: io.vertx.core.http.impl; from: io.vertx.core.http to: io.vertx.core.net.impl; from: io.vertx.core.http to: io.vertx.core.buffer.impl; from: io.vertx.core.http to: io.vertx.test.fakemetrics; from: io.vertx.core.http to: io.vertx.test.netty; from: io.vertx.core.http to: io.vertx.test.fakestream; from: io.vertx.core.metrics to: io.vertx.core.json; from: io.vertx.core.metrics to: io.vertx.core.json.impl; from: io.vertx.core.metrics to: io.vertx.core.spi; from: io.vertx.core.net to: io.vertx.core.json; from: io.vertx.core.net to: io.vertx.core.json.impl; from: io.vertx.core.net to: io.vertx.core.buffer; from: io.vertx.core.net to: io.vertx.core.http; from: io.vertx.core.net to: io.vertx.core; from: io.vertx.core.net to: io.vertx.core.net.impl; from: io.vertx.core.net to: io.vertx.core.impl; from: io.vertx.core.net to: io.vertx.test.core; from: io.vertx.core.net to: io.vertx.test.tls; from: io.vertx.core.net to: io.vertx.test.proxy; from: io.vertx.core.net to: io.vertx.core.eventbus; from: io.vertx.core.net to: io.vertx.test.netty; from: io.vertx.core.net to: io.vertx.test.fakedns; from: io.vertx.core.tracing to: io.vertx.core.json; from: io.vertx.core.tracing to: io.vertx.core.json.impl; from: io.vertx.core.tracing to: io.vertx.core.spi; from: docoverride.buffer to: io.vertx.core.buffer; from: docoverride.dns to: io.vertx.core; from: docoverride.dns to: io.vertx.core.dns; from: docoverride.eventbus to: io.vertx.core.eventbus; from: docoverride.json to: io.vertx.core.json; from: docoverride.json to: io.vertx.core.http; from: examples to: io.vertx.core.buffer; from: examples to: io.vertx.core.net; from: examples to: io.vertx.core; from: examples to: io.vertx.core.file; from: examples to: io.vertx.core.json; from: examples to: io.vertx.core.impl.logging; from: examples to: io.vertx.core.datagram; from: examples to: io.vertx.core.dns; from: examples to: io.vertx.core.eventbus; from: examples to: io.vertx.core.http; from: examples to: io.vertx.core.streams; from: examples to: io.vertx.core.json.pointer; from: examples to: io.vertx.core.parsetools; from: examples.cli to: io.vertx.core.cli; from: examples.cli to: io.vertx.core.cli.converters; from: examples.cli to: io.vertx.core.cli.annotations; from: io.vertx.core.buffer to: io.vertx.core.json; from: io.vertx.core.buffer to: io.vertx.core.buffer.impl; from: io.vertx.core.buffer to: io.vertx.test.core; from: io.vertx.core.buffer.impl to: io.vertx.core.buffer; from: io.vertx.core.buffer.impl to: io.vertx.core.impl; from: io.vertx.core.cli.annotations to: io.vertx.core.cli; from: io.vertx.core.cli.annotations to: io.vertx.core.cli.impl; from: io.vertx.core.cli.impl to: io.vertx.core.cli.converters; from: io.vertx.core.cli.impl to: io.vertx.core.cli; from: io.vertx.core.cli.impl to: io.vertx.core.cli.annotations; from: io.vertx.core.datagram.impl to: io.vertx.core.buffer; from: io.vertx.core.datagram.impl to: io.vertx.core.net; from: io.vertx.core.datagram.impl to: io.vertx.core.impl; from: io.vertx.core.datagram.impl to: io.vertx.core; from: io.vertx.core.datagram.impl to: io.vertx.core.datagram; from: io.vertx.core.datagram.impl to: io.vertx.core.spi.transport; from: io.vertx.core.datagram.impl to: io.vertx.core.impl.future; from: io.vertx.core.datagram.impl to: io.vertx.core.net.impl; from: io.vertx.core.dns.impl.decoder to: io.vertx.core.impl.logging; from: io.vertx.core.dns.impl to: io.vertx.core.impl; from: io.vertx.core.dns.impl to: io.vertx.core.dns; from: io.vertx.core.dns.impl to: io.vertx.core.spi.transport; from: io.vertx.core.dns.impl to: io.vertx.core.impl.future; from: io.vertx.core.dns.impl to: io.vertx.core; from: io.vertx.core.dns.impl to: io.vertx.core.buffer.impl; from: io.vertx.core.eventbus.impl to: io.vertx.core.streams; from: io.vertx.core.eventbus.impl to: io.vertx.core; from: io.vertx.core.eventbus.impl to: io.vertx.core.eventbus; from: io.vertx.core.eventbus.impl to: io.vertx.core.impl; from: io.vertx.core.eventbus.impl to: io.vertx.core.spi.metrics; from: io.vertx.core.eventbus.impl to: io.vertx.core.impl.utils; from: io.vertx.core.eventbus.impl to: io.vertx.core.spi.tracing; from: io.vertx.core.eventbus.impl to: io.vertx.core.tracing; from: io.vertx.core.eventbus.impl to: io.vertx.core.impl.logging; from: io.vertx.core.eventbus.impl.clustered to: io.vertx.core.impl.logging; from: io.vertx.core.eventbus.impl.clustered to: io.vertx.core.buffer; from: io.vertx.core.eventbus.impl.clustered to: io.vertx.core.eventbus; from: io.vertx.core.eventbus.impl.clustered to: io.vertx.core.spi.cluster; from: io.vertx.core.eventbus.impl.clustered to: io.vertx.core.net; from: io.vertx.core.eventbus.impl.clustered to: io.vertx.core.impl; from: io.vertx.core.eventbus.impl.clustered to: io.vertx.core; from: io.vertx.core.eventbus.impl.clustered to: io.vertx.core.net.impl; from: io.vertx.core.eventbus.impl.clustered to: io.vertx.core.spi.metrics; from: io.vertx.core.eventbus.impl.clustered to: io.vertx.core.eventbus.impl; from: io.vertx.core.eventbus.impl.clustered to: io.vertx.core.impl.utils; from: io.vertx.core.eventbus.impl.clustered to: io.vertx.core.parsetools; from: io.vertx.core.eventbus.impl.codecs to: io.vertx.core.buffer; from: io.vertx.core.eventbus.impl.codecs to: io.vertx.core.eventbus.impl; from: io.vertx.core.eventbus.impl.codecs to: io.vertx.core.shareddata; from: io.vertx.core.eventbus.impl.codecs to: io.vertx.core.json; from: io.vertx.core.eventbus.impl.codecs to: io.vertx.core.eventbus; from: io.vertx.core.file.impl to: io.vertx.core.impl.logging; from: io.vertx.core.file.impl to: io.vertx.core.impl; from: io.vertx.core.file.impl to: io.vertx.core; from: io.vertx.core.file.impl to: io.vertx.core.streams.impl; from: io.vertx.core.file.impl to: io.vertx.core.file; from: io.vertx.core.file.impl to: io.vertx.core.buffer; from: io.vertx.core.file.impl to: io.vertx.core.impl.future; from: io.vertx.core.http.impl to: io.vertx.core; from: io.vertx.core.http.impl to: io.vertx.core.net; from: io.vertx.core.http.impl to: io.vertx.core.impl; from: io.vertx.core.http.impl to: io.vertx.core.spi.metrics; from: io.vertx.core.http.impl to: io.vertx.core.http; from: io.vertx.core.http.impl to: io.vertx.core.impl.logging; from: io.vertx.core.http.impl to: io.vertx.core.streams.impl; from: io.vertx.core.http.impl to: io.vertx.core.net.impl; from: io.vertx.core.http.impl to: io.vertx.core.impl.future; from: io.vertx.core.http.impl to: io.vertx.core.spi.tracing; from: io.vertx.core.http.impl to: io.vertx.core.buffer; from: io.vertx.core.http.impl to: io.vertx.core.buffer.impl; from: io.vertx.core.http.impl to: io.vertx.core.http.impl.ws; from: io.vertx.core.http.impl to: io.vertx.core.tracing; from: io.vertx.core.http.impl to: io.vertx.core.spi.observability; from: io.vertx.core.http.impl to: io.vertx.core.http.impl.headers; from: io.vertx.core.http.impl to: io.vertx.core.spi.resolver; from: io.vertx.core.http.impl to: io.vertx.core.streams; from: io.vertx.core.http.impl to: io.vertx.core.file; from: io.vertx.core.http.impl to: io.vertx.core.net.impl.pool; from: io.vertx.core.http.impl to: io.vertx.core.eventbus; from: io.vertx.core.http.impl.headers to: io.vertx.core; from: io.vertx.core.http.impl.headers to: io.vertx.core.http; from: io.vertx.core.http.impl.headers to: io.vertx.core.http.impl; from: io.vertx.core.http.impl.ws to: io.vertx.core.http; from: io.vertx.core.http.impl.ws to: io.vertx.core.buffer; from: io.vertx.core.http.impl.ws to: io.vertx.core.buffer.impl; from: io.vertx.core.impl to: io.vertx.core.impl.logging; from: io.vertx.core.impl to: io.vertx.core; from: io.vertx.core.impl to: io.vertx.core.spi.resolver; from: io.vertx.core.impl to: io.vertx.core.dns; from: io.vertx.core.impl to: io.vertx.core.impl.future; from: io.vertx.core.impl to: io.vertx.core.shareddata; from: io.vertx.core.impl to: io.vertx.core.buffer; from: io.vertx.core.impl to: io.vertx.core.json; from: io.vertx.core.impl to: io.vertx.core.spi.metrics; from: io.vertx.core.impl to: io.vertx.core.spi.cluster; from: io.vertx.core.impl to: io.vertx.core.impl.verticle; from: io.vertx.core.impl to: io.vertx.core.spi; from: io.vertx.core.impl to: io.vertx.core.spi.transport; from: io.vertx.core.impl to: io.vertx.core.spi.tracing; from: io.vertx.core.impl to: io.vertx.core.spi.file; from: io.vertx.core.impl to: io.vertx.core.metrics; from: io.vertx.core.impl to: io.vertx.core.tracing; from: io.vertx.core.impl to: io.vertx.core.impl.transports; from: io.vertx.core.impl to: io.vertx.core.file; from: io.vertx.core.impl to: io.vertx.core.impl.btc; from: io.vertx.core.impl to: io.vertx.core.eventbus.impl; from: io.vertx.core.impl to: io.vertx.core.datagram; from: io.vertx.core.impl to: io.vertx.core.datagram.impl; from: io.vertx.core.impl to: io.vertx.core.net; from: io.vertx.core.impl to: io.vertx.core.http.impl; from: io.vertx.core.impl to: io.vertx.core.impl.resolver; from: io.vertx.core.impl to: io.vertx.core.http; from: io.vertx.core.impl to: io.vertx.test.core; from: io.vertx.core.impl to: io.vertx.test.faketransport; from: io.vertx.core.impl to: io.vertx.test.fakemetrics; from: io.vertx.core.impl to: io.vertx.test.faketracer; from: io.vertx.core.impl to: io.vertx.test.fakecluster; from: io.vertx.core.impl.btc to: io.vertx.core.impl.logging; from: io.vertx.core.impl.btc to: io.vertx.core; from: io.vertx.core.impl.cpu to: io.vertx.core.impl.launcher.commands; from: io.vertx.core.impl.future to: io.vertx.core; from: io.vertx.core.impl.future to: io.vertx.core.impl; from: io.vertx.core.impl.launcher to: io.vertx.core; from: io.vertx.core.impl.launcher to: io.vertx.core.spi.launcher; from: io.vertx.core.impl.launcher to: io.vertx.core.cli.annotations; from: io.vertx.core.impl.launcher to: io.vertx.core.json; from: io.vertx.core.impl.launcher to: io.vertx.core.impl.launcher.commands; from: io.vertx.core.impl.launcher to: io.vertx.core.cli; from: io.vertx.core.impl.launcher to: io.vertx.test.fakecluster; from: io.vertx.core.impl.launcher.commands to: io.vertx.core; from: io.vertx.core.impl.launcher.commands to: io.vertx.core.json; from: io.vertx.core.impl.launcher.commands to: io.vertx.core.eventbus; from: io.vertx.core.impl.launcher.commands to: io.vertx.core.impl; from: io.vertx.core.impl.launcher.commands to: io.vertx.core.impl.logging; from: io.vertx.core.impl.launcher.commands to: io.vertx.core.spi.launcher; from: io.vertx.core.impl.launcher.commands to: io.vertx.core.cli; from: io.vertx.core.impl.launcher.commands to: io.vertx.core.impl.launcher; from: io.vertx.core.impl.launcher.commands to: io.vertx.test.fakecluster; from: io.vertx.core.impl.launcher.commands to: io.vertx.core.logging; from: io.vertx.core.impl.launcher.commands to: io.vertx.test.core; from: io.vertx.core.impl.logging to: io.vertx.core.spi.logging; from: io.vertx.core.impl.logging to: io.vertx.core; from: io.vertx.core.impl.resolver to: io.vertx.core.dns; from: io.vertx.core.impl.resolver to: io.vertx.core; from: io.vertx.core.impl.resolver to: io.vertx.core.impl; from: io.vertx.core.impl.transports to: io.vertx.core.net; from: io.vertx.core.impl.transports to: io.vertx.core.datagram; from: io.vertx.core.impl.transports to: io.vertx.core.spi.transport; from: io.vertx.core.impl.verticle to: io.vertx.core.impl.logging; from: io.vertx.core.json to: io.vertx.core.spi.json; from: io.vertx.core.json to: io.vertx.core.spi; from: io.vertx.core.json to: io.vertx.core.buffer; from: io.vertx.core.json to: io.vertx.core.json.jackson; from: io.vertx.core.json to: io.vertx.test.core; from: io.vertx.core.json to: io.vertx.core.shareddata; from: io.vertx.core.json to: io.vertx.core.impl; from: io.vertx.core.json to: io.vertx.core.http; from: io.vertx.core.json.jackson to: io.vertx.core.buffer; from: io.vertx.core.json.jackson to: io.vertx.core.buffer.impl; from: io.vertx.core.json.jackson to: io.vertx.core.json; from: io.vertx.core.json.pointer.impl to: io.vertx.core.json.pointer; from: io.vertx.core.json.pointer.impl to: io.vertx.core.json; from: io.vertx.core.logging to: io.vertx.core.impl; from: io.vertx.core.logging to: io.vertx.core.impl.logging; from: io.vertx.core.net.impl to: io.vertx.core.impl; from: io.vertx.core.net.impl to: io.vertx.core.net; from: io.vertx.core.net.impl to: io.vertx.core; from: io.vertx.core.net.impl to: io.vertx.core.impl.logging; from: io.vertx.core.net.impl to: io.vertx.core.impl.future; from: io.vertx.core.net.impl to: io.vertx.core.spi.metrics; from: io.vertx.core.net.impl to: io.vertx.core.buffer; from: io.vertx.core.net.impl to: io.vertx.core.net.impl.pkcs1; from: io.vertx.core.net.impl to: io.vertx.core.buffer.impl; from: io.vertx.core.net.impl to: io.vertx.core.streams.impl; from: io.vertx.core.net.impl to: io.vertx.core.eventbus; from: io.vertx.core.net.impl to: io.vertx.core.http; from: io.vertx.core.net.impl to: io.vertx.core.spi.tls; from: io.vertx.core.net.impl.pkcs1 to: io.vertx.core.buffer; from: io.vertx.core.net.impl.pkcs1 to: io.vertx.core; from: io.vertx.core.net.impl.pkcs1 to: io.vertx.test.core; from: io.vertx.core.net.impl.pool to: io.vertx.core.impl; from: io.vertx.core.net.impl.pool to: io.vertx.core; from: io.vertx.core.net.impl.pool to: io.vertx.core.net; from: io.vertx.core.parsetools.impl to: io.vertx.core.parsetools; from: io.vertx.core.parsetools.impl to: io.vertx.core.json.jackson; from: io.vertx.core.parsetools.impl to: io.vertx.core.buffer; from: io.vertx.core.parsetools.impl to: io.vertx.core; from: io.vertx.core.parsetools.impl to: io.vertx.core.streams; from: io.vertx.core.parsetools.impl to: io.vertx.core.impl; from: io.vertx.core.parsetools to: io.vertx.core.streams; from: io.vertx.core.parsetools to: io.vertx.core.buffer; from: io.vertx.core.parsetools to: io.vertx.core; from: io.vertx.core.parsetools to: io.vertx.core.parsetools.impl; from: io.vertx.core.parsetools to: io.vertx.core.impl; from: io.vertx.core.parsetools to: io.vertx.core.json; from: io.vertx.core.parsetools to: io.vertx.test.core; from: io.vertx.core.shareddata to: io.vertx.core; from: io.vertx.core.shareddata to: io.vertx.core.buffer; from: io.vertx.core.shareddata to: io.vertx.core.json; from: io.vertx.core.shareddata to: io.vertx.core.impl; from: io.vertx.core.shareddata to: io.vertx.test.core; from: io.vertx.core.shareddata.impl to: io.vertx.core.impl; from: io.vertx.core.shareddata.impl to: io.vertx.core; from: io.vertx.core.shareddata.impl to: io.vertx.core.impl.logging; from: io.vertx.core.shareddata.impl to: io.vertx.core.shareddata; from: io.vertx.core.shareddata.impl to: io.vertx.core.spi.cluster; from: io.vertx.core.spi.cluster to: io.vertx.core.impl; from: io.vertx.core.spi.cluster to: io.vertx.core; from: io.vertx.core.spi.cluster to: io.vertx.core.json; from: io.vertx.core.spi.cluster to: io.vertx.core.buffer; from: io.vertx.core.spi.cluster to: io.vertx.core.eventbus; from: io.vertx.core.spi.cluster to: io.vertx.test.core; from: io.vertx.core.spi.cluster.impl to: io.vertx.core.spi.cluster.impl.selector; from: io.vertx.core.spi.cluster.impl to: io.vertx.core; from: io.vertx.core.spi.cluster.impl to: io.vertx.core.spi.cluster; from: io.vertx.core.spi.cluster.impl to: io.vertx.core.eventbus; from: io.vertx.core.spi.cluster.impl to: io.vertx.core.impl; from: io.vertx.core.spi.cluster.impl.selector to: io.vertx.core; from: io.vertx.core.spi.cluster.impl.selector to: io.vertx.core.spi.cluster; from: io.vertx.core.spi.cluster.impl.selector to: io.vertx.core.eventbus; from: io.vertx.core.spi to: io.vertx.core.impl; from: io.vertx.core.spi to: io.vertx.core.spi.file; from: io.vertx.core.spi to: io.vertx.core; from: io.vertx.core.spi to: io.vertx.core.json.jackson; from: io.vertx.core.spi to: io.vertx.core.json; from: io.vertx.core.spi to: io.vertx.core.metrics; from: io.vertx.core.spi to: io.vertx.core.impl.launcher.commands; from: io.vertx.core.spi to: io.vertx.core.tracing; from: io.vertx.core.spi to: io.vertx.core.spi.tracing; from: io.vertx.core.spi.json to: io.vertx.core.buffer; from: io.vertx.core.spi.launcher to: io.vertx.core.cli; from: io.vertx.core.spi.launcher to: io.vertx.core.cli.impl; from: io.vertx.core.spi.launcher to: io.vertx.core.cli.annotations; from: io.vertx.core.spi.launcher to: io.vertx.core.impl.launcher; from: io.vertx.core.spi.metrics to: io.vertx.core.net; from: io.vertx.core.spi.metrics to: io.vertx.core.eventbus; from: io.vertx.core.spi.metrics to: io.vertx.core.http; from: io.vertx.core.spi.metrics to: io.vertx.core.spi.observability; from: io.vertx.core.spi.metrics to: io.vertx.core.datagram; from: io.vertx.core.spi.metrics to: io.vertx.core; from: io.vertx.core.spi.metrics to: io.vertx.core.spi; from: io.vertx.core.spi.metrics to: io.vertx.core.metrics.impl; from: io.vertx.core.spi.metrics to: io.vertx.core.buffer; from: io.vertx.core.spi.metrics to: io.vertx.test.core; from: io.vertx.core.spi.metrics to: io.vertx.core.metrics; from: io.vertx.core.spi.metrics to: io.vertx.core.impl; from: io.vertx.core.spi.metrics to: io.vertx.test.tls; from: io.vertx.core.spi.resolver to: io.vertx.core.net; from: io.vertx.core.spi.resolver to: io.vertx.core; from: io.vertx.core.spi.resolver to: io.vertx.core.dns; from: io.vertx.core.spi.resolver to: io.vertx.core.impl.logging; from: io.vertx.core.spi.tracing to: io.vertx.core; from: io.vertx.core.spi.tracing to: io.vertx.core.tracing; from: io.vertx.core.spi.tracing to: io.vertx.test.faketracer; from: io.vertx.core.spi.tracing to: io.vertx.core.http; from: io.vertx.core.spi.tracing to: io.vertx.test.core; from: io.vertx.core.spi.tracing to: io.vertx.core.impl; from: io.vertx.core.spi.transport to: io.vertx.core.net; from: io.vertx.core.spi.transport to: io.vertx.core.datagram; from: io.vertx.core.spi.transport to: io.vertx.core.buffer.impl; from: io.vertx.core.streams.impl to: io.vertx.core.impl; from: io.vertx.core.streams.impl to: io.vertx.core; from: io.vertx.core.streams.impl to: io.vertx.core.streams; from: io.vertx.core.streams to: io.vertx.core; from: io.vertx.core.streams to: io.vertx.core.streams.impl; from: io.vertx.core.streams to: io.vertx.test.fakestream; from: io.vertx.benchmarks to: io.vertx.core.net.impl.pool; from: io.vertx.benchmarks to: io.vertx.core.impl.utils; from: io.vertx.benchmarks to: io.vertx.core; from: io.vertx.benchmarks to: io.vertx.core.impl; from: io.vertx.benchmarks to: io.vertx.core.http.impl.headers; from: io.vertx.benchmarks to: io.vertx.core.http; from: io.vertx.benchmarks to: io.vertx.core.buffer; from: io.vertx.benchmarks to: io.vertx.core.spi.json; from: io.vertx.benchmarks to: io.vertx.core.json; from: io.vertx.core.http.headers to: io.vertx.core; from: io.vertx.core.http.headers to: io.vertx.core.http; from: io.vertx.core.http.headers to: io.vertx.core.http.impl.headers; from: io.vertx.it to: io.vertx.core; from: io.vertx.it to: io.vertx.core.json; from: io.vertx.it to: io.vertx.core.spi.json; from: io.vertx.it to: io.vertx.core.buffer; from: io.vertx.it to: io.vertx.core.spi.file; from: io.vertx.it to: io.vertx.core.http; from: io.vertx.it to: io.vertx.core.eventbus; from: io.vertx.it to: io.vertx.core.impl.logging; from: io.vertx.it to: io.vertx.core.spi.logging; from: io.vertx.it to: io.vertx.core.impl; from: io.vertx.it to: io.vertx.test.tls; from: io.vertx.it to: io.vertx.core.logging; from: io.vertx.it to: io.vertx.core.net; from: io.vertx.it to: io.vertx.core.net.impl; from: io.vertx.it to: io.vertx.test.core; from: io.vertx.test.core to: io.vertx.core.impl.logging; from: io.vertx.test.core to: io.vertx.core; from: io.vertx.test.core to: io.vertx.core.buffer; from: io.vertx.test.core to: io.vertx.core.streams; from: io.vertx.test.core to: io.vertx.core.http; from: io.vertx.test.core to: io.vertx.core.net; from: io.vertx.test.core to: io.vertx.test.netty; from: io.vertx.test.core to: io.vertx.core.buffer.impl; from: io.vertx.test.core to: io.vertx.core.net.impl; from: io.vertx.test.core to: io.vertx.core.spi.tracing; from: io.vertx.test.core to: io.vertx.test.fakecluster; from: io.vertx.test.fakecluster to: io.vertx.core.shareddata.impl; from: io.vertx.test.fakecluster to: io.vertx.core.impl; from: io.vertx.test.fakecluster to: io.vertx.core; from: io.vertx.test.fakemetrics to: io.vertx.core.spi.observability; from: io.vertx.test.fakemetrics to: io.vertx.core.net; from: io.vertx.test.fakemetrics to: io.vertx.core.eventbus; from: io.vertx.test.fakemetrics to: io.vertx.core.http; from: io.vertx.test.fakemetrics to: io.vertx.core.spi.metrics; from: io.vertx.test.fakemetrics to: io.vertx.core.impl; from: io.vertx.test.fakemetrics to: io.vertx.core.metrics; from: io.vertx.test.fakemetrics to: io.vertx.core; from: io.vertx.test.fakemetrics to: io.vertx.core.datagram; from: io.vertx.test.fakestream to: io.vertx.core; from: io.vertx.test.fakestream to: io.vertx.core.impl; from: io.vertx.test.faketracer to: io.vertx.core.spi.tracing; from: io.vertx.test.faketracer to: io.vertx.core; from: io.vertx.test.faketracer to: io.vertx.core.tracing; from: io.vertx.test.proxy to: io.vertx.core.impl.logging; from: io.vertx.test.proxy to: io.vertx.core.buffer; from: io.vertx.test.proxy to: io.vertx.core; from: io.vertx.test.proxy to: io.vertx.core.streams; from: io.vertx.test.proxy to: io.vertx.core.net; from: io.vertx.test.verticles to: io.vertx.core.impl; from: io.vertx.test.verticles to: io.vertx.core.impl.logging; from: io.vertx.test.verticles to: io.vertx.core.json; from: io.vertx.test.verticles to: io.vertx.core; from: io.vertx.test.verticles to: io.vertx.core.eventbus; from: io.vertx.test.verticles to: io.vertx.core.http; from: io.vertx.test.verticles.sourceverticle to: io.vertx.core.
vert.x,io.vertx.core.cli,Cyclic Dependency,The tool detected the smell in this component because this component participates in a cyclic dependency. The participating components in the cycle are: io.vertx.core.cli; io.vertx.core.cli.annotations; io.vertx.core.cli
vert.x,io.vertx.core.datagram,Cyclic Dependency,The tool detected the smell in this component because this component participates in a cyclic dependency. The participating components in the cycle are: io.vertx.core.datagram; io.vertx.core.impl; io.vertx.core.impl.transports; io.vertx.core.datagram
vert.x,io.vertx.core,God Component,The tool detected the smell in this component because the component contains high number of classes. Number of classes in the component are: 82
vert.x,io.vertx.core,Unstable Dependency,The tool detected the smell in this component because this component depends on other components that are less stable than itself. This component depends on following less stable component(s): io.vertx.core.impl.launcher; io.vertx.core.http.impl.headers; io.vertx.core.net; io.vertx.core.http; io.vertx.core.datagram; io.vertx.core.dns; io.vertx.core.spi; io.vertx.core.impl; io.vertx.core.spi.cluster; io.vertx.core.metrics; io.vertx.core.file; io.vertx.core.eventbus; io.vertx.test.core; io.vertx.core.impl.verticle; io.vertx.core.impl.launcher.commands; io.vertx.test.verticles; io.vertx.core.spi.metrics; io.vertx.test.fakecluster; io.vertx.core.spi.transport
vert.x,io.vertx.core,Feature Concentration,The tool detected the smell in this component because the component realizes more than one architectural concern/feature. Independent sets of related classes within this component are: [DeploymentOptionsConverter; DeploymentOptions; Launcher; Vertx; VertxOptions; WorkerExecutor; AccessEventBusFromInitVerticleFactory; BlockedThreadCheckerTest; ClasspathVerticleFactory; ComplexHATest; ContextTaskTest; ContextTest; CreateVertxTest; CustomerLauncherLowMemoryTest.Launcher; CustomMetricsFactory; DeploymentTest; FakeContext; FutureTest; FutureTestBase; HATest; LauncherTest; LauncherTest.MyLauncher; NamedWorkerPoolTest; VertxOptionsTest; VertxStartFailureTest; VertxTest; VertxUseDaemonThreadTest; VertxOptionsConverter; AbstractVerticle; Context; Future; Handler; Promise; Verticle; AbstractVerticleTest.MyAbstractVerticle; CompositeFutureTest; CustomerLauncherLowMemoryTest.Verticle; DeploymentTest.ParentVerticle; DeploymentTest.ChildVerticle; DeploymentTest.ParentVerticle; DeploymentTest.MultiInstanceVerticle; DeploymentTest.NoDefaultPublicConstructorVerticle; DeploymentTest.MyVerticle; DeploymentTest.MyAsyncVerticle; ExecuteBlockingTest; FutureOperatorsTest; FutureTest.DefaultCompleterTestFuture; FutureTestBase.Checker; SharedServersConcurrencyTest.ApiVerticle; SharedServersConcurrencyTest.NetVerticle; SharedServersConcurrencyTest.RestVerticle; SharedServersConcurrencyTest.MonitorVerticle; TimerTest; TimerTest.MyVerticle; VerticleFactoryTest; VerticleFactoryTest.TestVerticleFactory; VerticleFactoryTest.TestVerticle; AsyncResult; Closeable; VertxTest.Hook; VertxTest.Hook; CompositeFuture; CustomMetricsOptions; NestedMetricsOptions]; [MultiMap]; [ServiceHelper; ServiceHelperTest]; [VertxException]; [AbstractVerticleTest]; [AccessEventBusFromInitVerticleFactoryTest]; [ClasspathVerticleFactoryTest]; [ContextTaskTest.Op]; [ContextTest.SomeObject]; [ConversionHelperTest]; [CustomerLauncherLowMemoryTest]; [DeploymentTest.ReferenceSavingMyVerticle]; [FakeFactoryImplA]; [FakeFactoryImplB]; [IsolatingClassLoaderTest]; [LauncherTest.MySecondLauncher]; [SharedServersConcurrencyTest]; [TimerTest.PeriodicArg]. LCC (Lack of Component Cohesion) = 0.22
vert.x,io.vertx.core,Cyclic Dependency,The tool detected the smell in this component because this component participates in a cyclic dependency. The participating components in the cycle are: io.vertx.core; io.vertx.core.impl.launcher; io.vertx.core
vert.x,io.vertx.core,Cyclic Dependency,The tool detected the smell in this component because this component participates in a cyclic dependency. The participating components in the cycle are: io.vertx.core; io.vertx.core.impl.future; io.vertx.core
vert.x,io.vertx.core,Cyclic Dependency,The tool detected the smell in this component because this component participates in a cyclic dependency. The participating components in the cycle are: io.vertx.core; io.vertx.core.http.impl.headers; io.vertx.core
vert.x,io.vertx.core,Cyclic Dependency,The tool detected the smell in this component because this component participates in a cyclic dependency. The participating components in the cycle are: io.vertx.core; io.vertx.core.net; io.vertx.core
vert.x,io.vertx.core,Cyclic Dependency,The tool detected the smell in this component because this component participates in a cyclic dependency. The participating components in the cycle are: io.vertx.core; io.vertx.core.http; io.vertx.core
vert.x,io.vertx.core,Cyclic Dependency,The tool detected the smell in this component because this component participates in a cyclic dependency. The participating components in the cycle are: io.vertx.core; io.vertx.core.datagram; io.vertx.core
vert.x,io.vertx.core,Cyclic Dependency,The tool detected the smell in this component because this component participates in a cyclic dependency. The participating components in the cycle are: io.vertx.core; io.vertx.core.dns; io.vertx.core
vert.x,io.vertx.core,Cyclic Dependency,The tool detected the smell in this component because this component participates in a cyclic dependency. The participating components in the cycle are: io.vertx.core; io.vertx.core.spi; io.vertx.core
vert.x,io.vertx.core,Cyclic Dependency,The tool detected the smell in this component because this component participates in a cyclic dependency. The participating components in the cycle are: io.vertx.core; io.vertx.core.impl; io.vertx.core
vert.x,io.vertx.core,Cyclic Dependency,The tool detected the smell in this component because this component participates in a cyclic dependency. The participating components in the cycle are: io.vertx.core; io.vertx.core.spi.cluster; io.vertx.core
vert.x,io.vertx.core,Cyclic Dependency,The tool detected the smell in this component because this component participates in a cyclic dependency. The participating components in the cycle are: io.vertx.core; io.vertx.core.file; io.vertx.core
vert.x,io.vertx.core,Cyclic Dependency,The tool detected the smell in this component because this component participates in a cyclic dependency. The participating components in the cycle are: io.vertx.core; io.vertx.core.eventbus; io.vertx.core
vert.x,io.vertx.core,Cyclic Dependency,The tool detected the smell in this component because this component participates in a cyclic dependency. The participating components in the cycle are: io.vertx.core; io.vertx.test.core; io.vertx.core
vert.x,io.vertx.core,Cyclic Dependency,The tool detected the smell in this component because this component participates in a cyclic dependency. The participating components in the cycle are: io.vertx.core; io.vertx.core.impl.launcher.commands; io.vertx.core
vert.x,io.vertx.core,Cyclic Dependency,The tool detected the smell in this component because this component participates in a cyclic dependency. The participating components in the cycle are: io.vertx.core; io.vertx.test.verticles; io.vertx.core
vert.x,io.vertx.core,Cyclic Dependency,The tool detected the smell in this component because this component participates in a cyclic dependency. The participating components in the cycle are: io.vertx.core; io.vertx.core.spi.metrics; io.vertx.core
vert.x,io.vertx.core,Cyclic Dependency,The tool detected the smell in this component because this component participates in a cyclic dependency. The participating components in the cycle are: io.vertx.core; io.vertx.test.fakecluster; io.vertx.core
vert.x,io.vertx.core,Cyclic Dependency,The tool detected the smell in this component because this component participates in a cyclic dependency. The participating components in the cycle are: io.vertx.core; io.vertx.core.http; io.vertx.test.fakestream; io.vertx.core
vert.x,io.vertx.core,Cyclic Dependency,The tool detected the smell in this component because this component participates in a cyclic dependency. The participating components in the cycle are: io.vertx.core; io.vertx.core.impl; io.vertx.core.impl.logging; io.vertx.core
vert.x,io.vertx.core,Cyclic Dependency,The tool detected the smell in this component because this component participates in a cyclic dependency. The participating components in the cycle are: io.vertx.core; io.vertx.core.impl; io.vertx.core.spi.resolver; io.vertx.core
vert.x,io.vertx.core,Cyclic Dependency,The tool detected the smell in this component because this component participates in a cyclic dependency. The participating components in the cycle are: io.vertx.core; io.vertx.core.impl; io.vertx.core.impl.btc; io.vertx.core
vert.x,io.vertx.core,Cyclic Dependency,The tool detected the smell in this component because this component participates in a cyclic dependency. The participating components in the cycle are: io.vertx.core; io.vertx.core.impl.verticle; io.vertx.core.impl.logging; io.vertx.core
vert.x,io.vertx.core,Cyclic Dependency,The tool detected the smell in this component because this component participates in a cyclic dependency. The participating components in the cycle are: io.vertx.core; io.vertx.test.fakecluster; io.vertx.core.shareddata.impl; io.vertx.core
vert.x,io.vertx.core,Cyclic Dependency,The tool detected the smell in this component because this component participates in a cyclic dependency. The participating components in the cycle are: io.vertx.core; io.vertx.core.spi.transport; io.vertx.core.net; io.vertx.core
vert.x,io.vertx.core,Cyclic Dependency,The tool detected the smell in this component because this component participates in a cyclic dependency. The participating components in the cycle are: io.vertx.core; io.vertx.core.impl.launcher.commands; io.vertx.core.logging; io.vertx.core.impl; io.vertx.core
vert.x,io.vertx.core.dns,Feature Concentration,The tool detected the smell in this component because the component realizes more than one architectural concern/feature. Independent sets of related classes within this component are: [AddressResolverOptionsConverter; AddressResolverOptions; HostnameResolutionTest]; [DnsClientOptionsConverter; DnsClientOptions; DNSTest; DnsClient; DnsException; DnsResponseCode]; [MxRecord]; [SrvRecord]. LCC (Lack of Component Cohesion) = 0.36
vert.x,io.vertx.core.eventbus,God Component,The tool detected the smell in this component because the component contains high number of classes. Number of classes in the component are: 45
vert.x,io.vertx.core.eventbus,Unstable Dependency,The tool detected the smell in this component because this component depends on other components that are less stable than itself. This component depends on following less stable component(s): io.vertx.core.eventbus.impl; io.vertx.core.shareddata
vert.x,io.vertx.core.eventbus,Feature Concentration,The tool detected the smell in this component because the component realizes more than one architectural concern/feature. Independent sets of related classes within this component are: [EventBusOptionsConverter; EventBusOptions; ClusteredEventBusWithSSLTest; DeliveryContext; Message; ReplyFailure; ClusteredEventBusTestBase; EventBusRegistrationRaceTest; EventBusTestBase; EventBusTestBase.MyReplyException; LocalEventBusTest; ReplyFailureErrorTest; WriteHandlerLookupFailureTest; DeliveryOptions; EventBus; MessageCodec; MessageConsumer; MessageProducer; ClusteredEventBusTest; DeliveryOptionsTest; EventBusInterceptorTest; EventBusTestBase.MySystemDecoder; EventBusTestBase.NullNameCodec; EventBusTestBase.MyPOJOEncoder1; EventBusTestBase.MyPOJOEncoder2; EventBusTestBase.MyReplyExceptionMessageCodec; EventBusTestBase.StringLengthCodec; EventBusTestBase.ImmutableObjectCodec; JsonEventBusTest; ReplyException]; [AddressHelper]; [ClusteredEventBusTest.CountingHandler]; [ClusteredEventBusTestBase.MyVerticle]; [ClusterHostTest]; [CustomNodeSelectorTest]; [CustomNodeSelectorTest.CustomNodeSelector]; [EventBusTestBase.MyPOJO]; [EventBusTestBase.ImmutableObject]; [FaultToleranceTest]; [LocalEventBusTest.Boom]; [LocalEventBusTest.MyVerticle]; [MessageQueueOnWorkerThreadTest]; [MessageQueueOnWorkerThreadTest.CustomNodeSelector]; [MessageQueueOnWorkerThreadTest.SenderVerticle]; [NodeInfoTest]. LCC (Lack of Component Cohesion) = 0.36
vert.x,io.vertx.core.eventbus,Cyclic Dependency,The tool detected the smell in this component because this component participates in a cyclic dependency. The participating components in the cycle are: io.vertx.core.eventbus; io.vertx.core.eventbus.impl; io.vertx.core.eventbus
vert.x,io.vertx.core.file,Unstable Dependency,The tool detected the smell in this component because this component depends on other components that are less stable than itself. This component depends on following less stable component(s): io.vertx.core.file.impl
vert.x,io.vertx.core.file,Cyclic Dependency,The tool detected the smell in this component because this component participates in a cyclic dependency. The participating components in the cycle are: io.vertx.core.file; io.vertx.core.file.impl; io.vertx.core.file
vert.x,io.vertx.core.http,God Component,The tool detected the smell in this component because the component contains high number of classes. Number of classes in the component are: 99
vert.x,io.vertx.core.http,Unstable Dependency,The tool detected the smell in this component because this component depends on other components that are less stable than itself. This component depends on following less stable component(s): io.vertx.core.http.impl.ws; io.vertx.test.proxy; io.vertx.core.parsetools; io.vertx.core.http.impl; io.vertx.core.net.impl; io.vertx.test.fakemetrics; io.vertx.test.fakestream
vert.x,io.vertx.core.http,Feature Concentration,The tool detected the smell in this component because the component realizes more than one architectural concern/feature. Independent sets of related classes within this component are: [GoAwayConverter; GoAway; HttpClosedException; Http2ClientTest; Http2ServerTest; Http2TestBase; HttpBandwidthLimitingTest; HttpTestBase; HttpTLSTest; WebSocketTest; Http2SettingsConverter; Http2Settings; HttpClientOptions; HttpConnection; HttpServerOptions; HttpServerRequest; HttpServerResponse; HttpVersion; StreamPriority; GzipHttpCompressionTestBase; Http1xBrotliCompressionTest; Http1xCompressionTest; Http1xMetricsTest; Http1xProxyTest; Http1xTest; Http1xTLSTest; Http2BrotliCompressionTest; Http2ClientConnectionTest; Http2CompressionTest; Http2MetricsTest; Http2ServerFileUploadTest; Http2ServerTest.TestClient; Http2SettingsTest; Http2Test; Http2TLSTest; HttpClientConnectionTest; HttpCompressionTestBase; HttpMetricsTestBase; HttpServerFileUploadTest; HttpTest; HttpTest.MockReq; HttpTLSTest.TLSTest; SharedHttpClientTest; SharedHttpClientTest.ServerVerticle; HttpClientOptionsConverter; HttpServerOptionsConverter; RequestOptionsConverter; RequestOptions; WebSocketConnectOptions; WebsocketVersion; RequestOptionsTest; WebSocketConnectOptionsConverter; ClientAuth; Cookie; CookieSameSite; HttpClient; HttpMethod; Http1xClientConnectionTest; HttpMethodTest; ResolvingHttpClientTest; SharedHttpClientTest.ClientVerticle; HttpClientRequest; HttpClientResponse; HttpFrame; HttpHeaders; HttpTest.MockResp; HttpServer; HttpConnectionEarlyResetTest; ServerWebSocket; WebSocketBase; WebSocketFrame; WebSocketFrameType; WebSocket; Http1xServerFileUploadTest]; [ConnectionPoolTooBusyException]; [HttpServerFileUpload]; [StreamResetException]; [UpgradeRejectedException]; [Http1xTest.Client]; [Http2ClientTest.Handler]; [Http2ClientTest.Builder]; [Http2ServerTest.Connection]; [Http2ServerTest.TestClientHandler]; [Http2ServerTest.TestClientHandlerBuilder]; [Http2ServerTest.Anonymous]; [Http2ServerTest.TestHttp1xOrH2CHandler]; [HttpBandwidthLimitingTest.Handlers]; [HttpBandwidthLimitingTest.Providers]; [HttpServerChannelInitializerTest]; [HttpServerCloseHookTest]; [HttpServerCloseHookTest.TestVerticle]; [HttpTest.MyVerticle]; [HttpTLSTest.TestKeyStoreSpi]; [HttpUtilsTest]; [ResolvingHttpClientTest.FakeState]; [ResolvingHttpClientTest.FakeAddress]; [ResolvingHttpClientTest.FakeMetric]; [ResolvingHttpClientTest.FixedAddressResolver]; [WebSocketTest.SocketMessages]. LCC (Lack of Component Cohesion) = 0.26
vert.x,io.vertx.core.http,Cyclic Dependency,The tool detected the smell in this component because this component participates in a cyclic dependency. The participating components in the cycle are: io.vertx.core.http; io.vertx.core.http.impl.ws; io.vertx.core.http
vert.x,io.vertx.core.http,Cyclic Dependency,The tool detected the smell in this component because this component participates in a cyclic dependency. The participating components in the cycle are: io.vertx.core.http; io.vertx.core.http.impl; io.vertx.core.http
vert.x,io.vertx.core.http,Cyclic Dependency,The tool detected the smell in this component because this component participates in a cyclic dependency. The participating components in the cycle are: io.vertx.core.http; io.vertx.core.net.impl; io.vertx.core.http
vert.x,io.vertx.core.http,Cyclic Dependency,The tool detected the smell in this component because this component participates in a cyclic dependency. The participating components in the cycle are: io.vertx.core.http; io.vertx.test.fakemetrics; io.vertx.core.http
vert.x,io.vertx.core.metrics,Unstable Dependency,The tool detected the smell in this component because this component depends on other components that are less stable than itself. This component depends on following less stable component(s): io.vertx.core.spi
vert.x,io.vertx.core.metrics,Cyclic Dependency,The tool detected the smell in this component because this component participates in a cyclic dependency. The participating components in the cycle are: io.vertx.core.metrics; io.vertx.core.spi; io.vertx.core.metrics
vert.x,io.vertx.core.net,God Component,The tool detected the smell in this component because the component contains high number of classes. Number of classes in the component are: 59
vert.x,io.vertx.core.net,Unstable Dependency,The tool detected the smell in this component because this component depends on other components that are less stable than itself. This component depends on following less stable component(s): io.vertx.core.http; io.vertx.core.net.impl; io.vertx.test.proxy; io.vertx.core.eventbus
vert.x,io.vertx.core.net,Cyclic Dependency,The tool detected the smell in this component because this component participates in a cyclic dependency. The participating components in the cycle are: io.vertx.core.net; io.vertx.test.proxy; io.vertx.core.net
vert.x,io.vertx.core.tracing,Unstable Dependency,The tool detected the smell in this component because this component depends on other components that are less stable than itself. This component depends on following less stable component(s): io.vertx.core.spi
vert.x,examples,Feature Concentration,The tool detected the smell in this component because the component realizes more than one architectural concern/feature. Independent sets of related classes within this component are: [BufferExamples]; [CompletionStageInteropExamples]; [ConfigurableVerticleExamples]; [CoreExamples]; [CoreExamples.BlockingAPI]; [CoreExamples.MyVerticle]; [DatagramExamples]; [DNSExamples]; [EventBusExamples]; [FileSystemExamples]; [HTTP2Examples]; [HTTPExamples]; [HTTPExamples.HttpClient2]; [JsonPointerExamples]; [NetExamples]; [NetExamples.MyVerticle]; [ParseToolsExamples]; [ParseToolsExamples.User]; [SharedDataExamples]; [StreamsExamples]. LCC (Lack of Component Cohesion) = 1.0
vert.x,examples.cli,Feature Concentration,The tool detected the smell in this component because the component realizes more than one architectural concern/feature. Independent sets of related classes within this component are: [AnnotatedCli; TypedCLIExamples]; [CLIExamples]; [MyCommand]; [TypedCLIExamples.Person]; [TypedCLIExamples.PersonConverter]. LCC (Lack of Component Cohesion) = 0.83
vert.x,io.vertx.core.buffer,Unstable Dependency,The tool detected the smell in this component because this component depends on other components that are less stable than itself. This component depends on following less stable component(s): io.vertx.core.json; io.vertx.core.buffer.impl; io.vertx.test.core
vert.x,io.vertx.core.buffer,Cyclic Dependency,The tool detected the smell in this component because this component participates in a cyclic dependency. The participating components in the cycle are: io.vertx.core.buffer; io.vertx.core.json; io.vertx.core.buffer
vert.x,io.vertx.core.buffer,Cyclic Dependency,The tool detected the smell in this component because this component participates in a cyclic dependency. The participating components in the cycle are: io.vertx.core.buffer; io.vertx.core.buffer.impl; io.vertx.core.buffer
vert.x,io.vertx.core.buffer,Cyclic Dependency,The tool detected the smell in this component because this component participates in a cyclic dependency. The participating components in the cycle are: io.vertx.core.buffer; io.vertx.core.json; io.vertx.core.spi.json; io.vertx.core.buffer
vert.x,io.vertx.core.buffer.impl,Unstable Dependency,The tool detected the smell in this component because this component depends on other components that are less stable than itself. This component depends on following less stable component(s): io.vertx.core.impl
vert.x,io.vertx.core.buffer.impl,Feature Concentration,The tool detected the smell in this component because the component realizes more than one architectural concern/feature. Independent sets of related classes within this component are: [BufferImpl; BufferInternal; VertxByteBufAllocator; VertxBufferTest; PartialPooledByteBufAllocator]; [VertxHeapByteBuf]; [VertxUnsafeHeapByteBuf]. LCC (Lack of Component Cohesion) = 0.43
vert.x,io.vertx.core.cli.annotations,Unstable Dependency,The tool detected the smell in this component because this component depends on other components that are less stable than itself. This component depends on following less stable component(s): io.vertx.core.cli.impl
vert.x,io.vertx.core.cli.annotations,Cyclic Dependency,The tool detected the smell in this component because this component participates in a cyclic dependency. The participating components in the cycle are: io.vertx.core.cli.annotations; io.vertx.core.cli.impl; io.vertx.core.cli.annotations
vert.x,io.vertx.core.cli.impl,Feature Concentration,The tool detected the smell in this component because the component realizes more than one architectural concern/feature. Independent sets of related classes within this component are: [DefaultCLI; DefaultParserTest; IntensiveDefaultParserTest; TypedArgumentTest; ReflectionUtils]; [DefaultCommandLine; DefaultParser]; [CLIConfiguratorTest; HelloClI]; [CLIConfiguratorTest.CommandForDefaultValueTest]; [CLIConfiguratorTest.CommandForDescriptionTest]; [CLIConfiguratorTest.CommandForParsedAsList]; [CLIConfiguratorTest.CommandForTypeExtractTest]; [CLIConfiguratorTest.CommandForArgumentInjectionTest]; [CLIConfiguratorTest.CommandForConvertedValueTest]; [CLIConfiguratorTest.CommandForMultipleArgumentTest]; [CLIConfiguratorTest.CommandWithDefaultValueOnArgument]; [CLIConfiguratorTest.CLIWithSingleValue]; [CLIConfiguratorTest.CLIWithMultipleValues]; [DefaultCLITest]; [DefaultParserTest.CLIUsingAHelpOption]; [DefaultParserTest.CLIUsingAEnumOption]; [DefaultParserTest.CLIUsingMultipleArgument]. LCC (Lack of Component Cohesion) = 0.74
vert.x,io.vertx.core.datagram.impl,Cyclic Dependency,The tool detected the smell in this component because this component participates in a cyclic dependency. The participating components in the cycle are: io.vertx.core.datagram.impl; io.vertx.core.impl; io.vertx.core.datagram.impl
vert.x,io.vertx.core.eventbus.impl,Feature Concentration,The tool detected the smell in this component because the component realizes more than one architectural concern/feature. Independent sets of related classes within this component are: [BodyReadStream]; [CodecManager; EventBusImpl; EventBusInternal; HandlerHolder; HandlerRegistration; MessageConsumerImpl; MessageImpl; MessageProducerImpl; MessageTagExtractor; OutboundDeliveryContext; ReplyHandler; DeliveryContextBase; HandlerRegistration.InboundDeliveryContext]; [DefaultSerializableChecker]. LCC (Lack of Component Cohesion) = 0.2
vert.x,io.vertx.core.eventbus.impl.clustered,Feature Concentration,The tool detected the smell in this component because the component realizes more than one architectural concern/feature. Independent sets of related classes within this component are: [ClusteredEventBus; ClusteredMessage; ConnectionHolder; Serializer]; [ClusteredHandlerHolder]; [Serializer.SerializerQueue]; [Serializer.SerializedTask]. LCC (Lack of Component Cohesion) = 0.57
vert.x,io.vertx.core.eventbus.impl.codecs,Feature Concentration,The tool detected the smell in this component because the component realizes more than one architectural concern/feature. Independent sets of related classes within this component are: [BooleanMessageCodec]; [BufferMessageCodec]; [ByteArrayMessageCodec]; [ByteMessageCodec]; [CharMessageCodec]; [ClusterSerializableCodec]; [DoubleMessageCodec]; [FloatMessageCodec]; [IntMessageCodec]; [JsonArrayMessageCodec]; [JsonObjectMessageCodec]; [LongMessageCodec]; [NullMessageCodec]; [PingMessageCodec]; [ReplyExceptionMessageCodec]; [SerializableCodec]; [SerializableCodec.CheckedClassNameObjectInputStream]; [ShortMessageCodec]; [StringMessageCodec]. LCC (Lack of Component Cohesion) = 1.0
vert.x,io.vertx.core.file.impl,Feature Concentration,The tool detected the smell in this component because the component realizes more than one architectural concern/feature. Independent sets of related classes within this component are: [AsyncFileImpl; FileSystemImpl; WindowsFileSystem; FileSystemImplTest; FileCache; FileResolverImpl; FileCacheTest]; [AsyncFileLockImpl]; [FilePropsImpl]; [FileSystemImpl.BlockingAction]; [FileSystemPropsImpl]; [URLBundleFileResolverTest]. LCC (Lack of Component Cohesion) = 0.5
vert.x,io.vertx.core.http.impl,God Component,The tool detected the smell in this component because the component contains high number of classes. Number of classes in the component are: 89
vert.x,io.vertx.core.http.impl,Cyclic Dependency,The tool detected the smell in this component because this component participates in a cyclic dependency. The participating components in the cycle are: io.vertx.core.http.impl; io.vertx.core.net.impl.pool; io.vertx.core.impl; io.vertx.core.http.impl
vert.x,io.vertx.core.http.impl.headers,Unstable Dependency,The tool detected the smell in this component because this component depends on other components that are less stable than itself. This component depends on following less stable component(s): io.vertx.core.http; io.vertx.core.http.impl
vert.x,io.vertx.core.impl,God Component,The tool detected the smell in this component because the component contains high number of classes. Number of classes in the component are: 55
vert.x,io.vertx.core.impl,Unstable Dependency,The tool detected the smell in this component because this component depends on other components that are less stable than itself. This component depends on following less stable component(s): io.vertx.core.spi.resolver; io.vertx.core.dns; io.vertx.core.shareddata; io.vertx.core.spi.metrics; io.vertx.core.spi.cluster; io.vertx.core.impl.verticle; io.vertx.core.spi; io.vertx.core.spi.transport; io.vertx.core.spi.tracing; io.vertx.core.metrics; io.vertx.core.impl.transports; io.vertx.core.file; io.vertx.core.impl.btc; io.vertx.core.eventbus.impl; io.vertx.core.datagram; io.vertx.core.datagram.impl; io.vertx.core.net; io.vertx.core.http.impl; io.vertx.core.impl.resolver; io.vertx.core.http; io.vertx.test.fakemetrics; io.vertx.test.faketracer; io.vertx.test.fakecluster
vert.x,io.vertx.core.impl,Feature Concentration,The tool detected the smell in this component because the component realizes more than one architectural concern/feature. Independent sets of related classes within this component are: [AddressResolver; ContextInternal; Deployment; DeploymentManager; DeploymentManager.DeploymentImpl; DuplicatedContext; EventLoopContext; HAManager; TaskQueue; VerticleManager; VertxImpl; VertxImpl.InternalTimerHandler; VertxImpl.ContextDispatch; VertxInternal; VertxThread; VertxWrapper; WorkerContext; WorkerExecutorImpl; WorkerExecutorInternal; WorkerPool; BenchmarkContext; VertxFactoryTest; ClassLoaderHolder; LoaderManager; CloseFuture; ContextBase; DeploymentManager.VerticleHolder; NestedCloseable; SharedResourceHolder; SharedResourceHolder.Hook; CloseFutureTest; CloseFutureTest.UseCaseResource; CloseSequenceTest; CloseSequence; FailoverCompleteHandler; JavaVerticleFactory; Utils; VertxBuilder; GlobalEventExecutorNotificationTest]; [Args]; [Arguments]; [ClusterSerializableUtils]; [ConcurrentHashSet]; [ConversionHelper]; [IsolatingClassLoader]; [NoStackTraceException]; [NoStackTraceThrowable]; [SerializableUtils]; [SerializableUtils.ObjectInputStreamFactory]; [TaskQueue.Task]; [VertxExecutorService]; [CloseFutureTest.UseCase]; [CloseFutureTest.CleanableUseCase]; [ServiceLoaderTransportTest]; [VertxFactoryTest.CustomExecutorServiceFactory]. LCC (Lack of Component Cohesion) = 0.31
vert.x,io.vertx.core.impl,Cyclic Dependency,The tool detected the smell in this component because this component participates in a cyclic dependency. The participating components in the cycle are: io.vertx.core.impl; io.vertx.core.shareddata; io.vertx.core.impl
vert.x,io.vertx.core.impl,Cyclic Dependency,The tool detected the smell in this component because this component participates in a cyclic dependency. The participating components in the cycle are: io.vertx.core.impl; io.vertx.core.spi.tracing; io.vertx.core.impl
vert.x,io.vertx.core.impl,Cyclic Dependency,The tool detected the smell in this component because this component participates in a cyclic dependency. The participating components in the cycle are: io.vertx.core.impl; io.vertx.core.impl.resolver; io.vertx.core.impl
vert.x,io.vertx.core.impl.future,Unstable Dependency,The tool detected the smell in this component because this component depends on other components that are less stable than itself. This component depends on following less stable component(s): io.vertx.core; io.vertx.core.impl
vert.x,io.vertx.core.impl.launcher,Unstable Dependency,The tool detected the smell in this component because this component depends on other components that are less stable than itself. This component depends on following less stable component(s): io.vertx.core.impl.launcher.commands
vert.x,io.vertx.core.impl.launcher,Feature Concentration,The tool detected the smell in this component because the component realizes more than one architectural concern/feature. Independent sets of related classes within this component are: [CommandLineUtils; VertxCommandLauncher; DefaultCommandTest; VertxCommandLineInterfaceTest]; [ServiceCommandFactoryLoader; ServiceCommandLoaderTest]; [VertxCommandLauncher.CommandRegistration]; [VertxLifecycleHooks]; [DefaultCommandTest.MyCommandWithoutName]; [DefaultCommandTest.MyCommandWithoutEmptyName]; [LauncherExtensibilityTest]; [LauncherExtensibilityTest.FooCommand]. LCC (Lack of Component Cohesion) = 0.67
vert.x,io.vertx.core.impl.launcher,Cyclic Dependency,The tool detected the smell in this component because this component participates in a cyclic dependency. The participating components in the cycle are: io.vertx.core.impl.launcher; io.vertx.core.spi.launcher; io.vertx.core.impl.launcher
vert.x,io.vertx.core.impl.launcher.commands,God Component,The tool detected the smell in this component because the component contains high number of classes. Number of classes in the component are: 42
vert.x,io.vertx.core.impl.launcher.commands,Feature Concentration,The tool detected the smell in this component because the component realizes more than one architectural concern/feature. Independent sets of related classes within this component are: [BareCommand; ClasspathHandler; RunCommand; Watcher; ClasspathHandlerTest; CommandTestBase; PriorityCommandTest; RedeployTest; RunCommandTest; StartStopListCommandsTest; WatcherTest; ExecUtils; ListCommand; StartCommand; StopCommand; ExecUtilsTest; FileSelector; FileSelectorTest; BareCommandTest; Hello2Command; HelloCommand; WatcherAbsolutePathTest]; [BareCommandFactory]; [ListCommandFactory]; [RunCommandFactory]; [StartCommandFactory]; [StopCommandFactory]; [VersionCommand]; [VersionCommandFactory]; [VertxIsolatedDeployer]; [Watcher.FileInfo]; [ComplexCommand]; [ComplexCommandFactory]; [GoodByeCommand; GoodByeCommandFactory]; [Hello2CommandFactory]; [HelloCommandFactory]; [HiddenCommand]; [HiddenCommandFactory]; [HttpTestVerticle]; [OptionsRecordingLauncher]; [ServiceCommandLookupTest]. LCC (Lack of Component Cohesion) = 0.48
vert.x,io.vertx.core.impl.logging,Unstable Dependency,The tool detected the smell in this component because this component depends on other components that are less stable than itself. This component depends on following less stable component(s): io.vertx.core
vert.x,io.vertx.core.impl.logging,Feature Concentration,The tool detected the smell in this component because the component realizes more than one architectural concern/feature. Independent sets of related classes within this component are: [Logger; LoggerAdapter; LoggerFactory]; [LoggingBackendSelectionTest]; [LoggingBackendSelectionTest.TestClassLoader]; [NoExceptionInInitializerErrorTest]; [NoExceptionInInitializerErrorTest.VertxContextConverter]. LCC (Lack of Component Cohesion) = 0.71
vert.x,io.vertx.core.json,Unstable Dependency,The tool detected the smell in this component because this component depends on other components that are less stable than itself. This component depends on following less stable component(s): io.vertx.core.spi.json; io.vertx.core.spi; io.vertx.core.json.jackson; io.vertx.test.core; io.vertx.core.shareddata; io.vertx.core.impl; io.vertx.core.http
vert.x,io.vertx.core.json,Feature Concentration,The tool detected the smell in this component because the component realizes more than one architectural concern/feature. Independent sets of related classes within this component are: [DecodeException; Json; JsonArray; JsonObject; JacksonDatabindTest; JsonArrayTest; JsonCodecTest; JsonFactoryTest; JsonObjectTest; JsonPOJOMapperTest; EncodeException; JsonFactory1; JsonFactory2; JsonFactory3]; [JsonArray.Iter]; [JsonObject.Iter]; [JsonObject.Entry]; [JacksonDatabindTest.Pojo]; [JacksonTest]; [JacksonTest.MyPojo]; [JsonArrayTest.SomeEnum]; [JsonArrayTest.SomeClass]; [JsonObjectTest.SomeEnum]; [JsonObjectTest.SomeClass]; [JsonPOJOMapperTest.MyType]; [JsonPOJOMapperTest.MyType2]; [JsonPOJOMapperTest.MyType3]. LCC (Lack of Component Cohesion) = 0.52
vert.x,io.vertx.core.json,Cyclic Dependency,The tool detected the smell in this component because this component participates in a cyclic dependency. The participating components in the cycle are: io.vertx.core.json; io.vertx.core.json.jackson; io.vertx.core.json
vert.x,io.vertx.core.json.jackson,Feature Concentration,The tool detected the smell in this component because the component realizes more than one architectural concern/feature. Independent sets of related classes within this component are: [BufferDeserializer]; [BufferSerializer]; [ByteArrayDeserializer]; [ByteArraySerializer]; [DatabindCodec; JacksonCodec; JacksonFactory; VertxModule]; [InstantDeserializer]; [InstantSerializer]; [JsonArrayDeserializer]; [JsonArraySerializer]; [JsonObjectDeserializer]; [JsonObjectSerializer]. LCC (Lack of Component Cohesion) = 0.79
vert.x,io.vertx.core.logging,Feature Concentration,The tool detected the smell in this component because the component realizes more than one architectural concern/feature. Independent sets of related classes within this component are: [JULLogDelegate]; [JULLogDelegateFactory]; [Log4j2LogDelegate]; [Log4j2LogDelegateFactory]; [SLF4JLogDelegate]; [SLF4JLogDelegateFactory]; [VertxLoggerFormatter]; [LoggerFactoryTest]. LCC (Lack of Component Cohesion) = 1.0
vert.x,io.vertx.core.metrics.impl,Feature Concentration,The tool detected the smell in this component because the component realizes more than one architectural concern/feature. Independent sets of related classes within this component are: [DummyVertxMetrics]; [DummyVertxMetrics.DummyEventBusMetrics]; [DummyVertxMetrics.DummyHttpServerMetrics]; [DummyVertxMetrics.DummyHttpClientMetrics]; [DummyVertxMetrics.DummyClientMetrics]; [DummyVertxMetrics.DummyTCPMetrics]; [DummyVertxMetrics.DummyDatagramMetrics]; [DummyVertxMetrics.DummyWorkerPoolMetrics]. LCC (Lack of Component Cohesion) = 1.0
vert.x,io.vertx.core.net.impl,God Component,The tool detected the smell in this component because the component contains high number of classes. Number of classes in the component are: 43
vert.x,io.vertx.core.net.impl,Unstable Dependency,The tool detected the smell in this component because this component depends on other components that are less stable than itself. This component depends on following less stable component(s): io.vertx.core.net.impl.pkcs1
vert.x,io.vertx.core.net.impl,Feature Concentration,The tool detected the smell in this component because the component realizes more than one architectural concern/feature. Independent sets of related classes within this component are: [ChannelProvider; NetClientImpl; NetClientInternal; ProxyFilter; ShutdownEvent; SslChannelProvider; SslContextProvider; SslContextUpdate; SSLHelper; SSLHelper.CachedProvider; TCPServerBase; VertxHandler; VertxSslContext; VertxTrustManagerFactory; CleanableNetClient; CleanableNetClient.Action; ConnectionBase; HAProxyMessageCompletionHandler; NetSocketImpl; NetSocketInternal; SslHandshakeCompletionHandler; NetClientBuilder; NetServerImpl; ServerChannelLoadBalancer; VertxEventLoopGroup; ServerID; SocketAddressImpl]; [HostAndPortImpl; HostAndPortTest]; [KeyStoreHelper]; [NetServerImpl.NetServerWorker]; [NetServerImpl.NetSocketStream]; [NetSocketImpl.DataMessageHandler]; [SelfSignedCertificateImpl]; [ServerChannelLoadBalancer.WorkerList]; [SSLHelper.EngineConfig]; [TrustAllTrustManager]; [URIDecoder]; [VertxEventLoopGroup.EventLoopHolder]; [VertxEventLoopGroup.EventLoopIterator]; [VertxSniHandler]; [ConnectionBaseTest]; [URIDecoderTest]. LCC (Lack of Component Cohesion) = 0.37
vert.x,io.vertx.core.net.impl,Cyclic Dependency,The tool detected the smell in this component because this component participates in a cyclic dependency. The participating components in the cycle are: io.vertx.core.net.impl; io.vertx.core.net.impl.pkcs1; io.vertx.test.core; io.vertx.core.net.impl
vert.x,io.vertx.core.net.impl.pool,God Component,The tool detected the smell in this component because the component contains high number of classes. Number of classes in the component are: 49
vert.x,io.vertx.core.net.impl.pool,Feature Concentration,The tool detected the smell in this component because the component realizes more than one architectural concern/feature. Independent sets of related classes within this component are: [CombinerExecutor; Executor; SemaphoreExecutor; SimpleConnectionPool; SimpleConnectionPool.Slot; SimpleConnectionPool.ConnectSuccess; SimpleConnectionPool.ConnectFailed; SimpleConnectionPool.Remove; SimpleConnectionPool.SetConcurrency; SimpleConnectionPool.Evict; SimpleConnectionPool.Acquire; SimpleConnectionPool.Cancel; SimpleConnectionPool.Recycle; SimpleConnectionPool.Close; Task; SynchronizationTest; CombinerExecutor.InProgressTail; ConnectionPool; PoolConnector; PoolWaiter; SimpleConnectionPool.Waiters; ConnectionPoolTest.ConnectionRequest; ConnectionPoolTest.ConnectionManager; StressTest; StressTest.FakeConnectionPool; StressTest.FakeConnection; ConnectResult; PoolConnection; ConnectionManager; Endpoint; EndpointProvider; EndpointResolver; EndpointResolver.ResolvedEndpoint; EndpointResolver.EndpointKey; ResolvingKey; ConnectionManagerTest; ConnectionPoolTest; Lease; SimpleConnectionPool.LeaseImpl]; [EndpointResolver.Disposer]; [Executor.Action]; [PoolConnector.Listener]; [PoolWaiter.Listener]; [SimpleConnectionPool.ListImpl]; [SimpleConnectionPool.LazyFuture]; [ConnectionManagerTest.Connection]; [ConnectionPoolTest.Connection]; [StressTest.FakeWaiter]; [SynchronizationTest.Utils]. LCC (Lack of Component Cohesion) = 0.22
vert.x,io.vertx.core.parsetools,Unstable Dependency,The tool detected the smell in this component because this component depends on other components that are less stable than itself. This component depends on following less stable component(s): io.vertx.core.parsetools.impl
vert.x,io.vertx.core.parsetools,Feature Concentration,The tool detected the smell in this component because the component realizes more than one architectural concern/feature. Independent sets of related classes within this component are: [JsonEvent; JsonEventType; JsonParserTest; JsonParser; FakeStream; RecordParser; RecordParserTest; RecordParserTest.MyHandler; RecordParserTest.MyHandler]; [JsonParserTest.TheObject]. LCC (Lack of Component Cohesion) = 0.2
vert.x,io.vertx.core.parsetools,Cyclic Dependency,The tool detected the smell in this component because this component participates in a cyclic dependency. The participating components in the cycle are: io.vertx.core.parsetools; io.vertx.core.parsetools.impl; io.vertx.core.parsetools
vert.x,io.vertx.core.shareddata,Feature Concentration,The tool detected the smell in this component because the component realizes more than one architectural concern/feature. Independent sets of related classes within this component are: [AsyncMap; AsyncMapTest; ClusteredAsyncMapTest; LocalAsyncMapTest; LocalMap; SharedData; AsynchronousLockTest; ClusteredAsynchronousLockTest; LocalSharedDataTest]; [ClusterSerializable; AsyncMapTest.SomeClusterSerializableObject]; [Counter]; [Lock]; [Shareable; LocalSharedDataTest.ShareableObject]; [AsyncMapTest.SomeObject]; [AsyncMapTest.SomeSerializableObject]; [ClusteredSharedCounterTest; SharedCounterTest]; [LocalSharedDataTest.SomeOtherClass]. LCC (Lack of Component Cohesion) = 0.45
vert.x,io.vertx.core.shareddata.impl,Feature Concentration,The tool detected the smell in this component because the component realizes more than one architectural concern/feature. Independent sets of related classes within this component are: [AsynchronousCounter]; [Checker]; [LocalAsyncLocks; SharedDataImpl; LocalAsyncMapImpl]; [LocalAsyncLocks.LockWaiter]; [LocalAsyncLocks.AsyncLock; LockInternal]; [LocalAsyncMapImpl.Holder]; [LocalMapImpl]; [SharedDataImpl.WrappedAsyncMap]. LCC (Lack of Component Cohesion) = 0.73
vert.x,io.vertx.core.spi.cluster,Unstable Dependency,The tool detected the smell in this component because this component depends on other components that are less stable than itself. This component depends on following less stable component(s): io.vertx.core.eventbus
vert.x,io.vertx.core.spi,Unstable Dependency,The tool detected the smell in this component because this component depends on other components that are less stable than itself. This component depends on following less stable component(s): io.vertx.core.impl.launcher.commands
vert.x,io.vertx.core.spi,Feature Concentration,The tool detected the smell in this component because the component realizes more than one architectural concern/feature. Independent sets of related classes within this component are: [ExecutorServiceFactory; VertxServiceProvider; VertxThreadFactory; VertxTracerFactory; FileResolverFactory; VertxMetricsFactory]; [JsonFactory; Utils]; [VerticleFactory]. LCC (Lack of Component Cohesion) = 0.33
vert.x,io.vertx.core.spi,Cyclic Dependency,The tool detected the smell in this component because this component participates in a cyclic dependency. The participating components in the cycle are: io.vertx.core.spi; io.vertx.core.tracing; io.vertx.core.spi
vert.x,io.vertx.core.spi.launcher,Unstable Dependency,The tool detected the smell in this component because this component depends on other components that are less stable than itself. This component depends on following less stable component(s): io.vertx.core.cli.impl; io.vertx.core.impl.launcher
vert.x,io.vertx.core.spi.launcher,Feature Concentration,The tool detected the smell in this component because the component realizes more than one architectural concern/feature. Independent sets of related classes within this component are: [Command; DefaultCommand; ExecutionContext]; [CommandFactory; DefaultCommandFactory]; [CommandFactoryLookup]. LCC (Lack of Component Cohesion) = 0.5
vert.x,io.vertx.core.spi.metrics,Unstable Dependency,The tool detected the smell in this component because this component depends on other components that are less stable than itself. This component depends on following less stable component(s): io.vertx.core.eventbus; io.vertx.core.datagram
vert.x,io.vertx.core.spi.metrics,Feature Concentration,The tool detected the smell in this component because the component realizes more than one architectural concern/feature. Independent sets of related classes within this component are: [ClientMetrics; HttpClientMetrics; Metrics; MetricsProvider; NetworkMetrics; PoolMetrics; TCPMetrics; VertxMetrics; MetricsOptionsTest; SimpleVertxMetricsFactory; DatagramSocketMetrics; EventBusMetrics; HttpServerMetrics]; [MetricsContextTest]; [MetricsTest]. LCC (Lack of Component Cohesion) = 0.2
vert.x,io.vertx.core.spi.tracing,Unstable Dependency,The tool detected the smell in this component because this component depends on other components that are less stable than itself. This component depends on following less stable component(s): io.vertx.test.faketracer; io.vertx.core.http
vert.x,io.vertx.core.spi.tracing,Cyclic Dependency,The tool detected the smell in this component because this component participates in a cyclic dependency. The participating components in the cycle are: io.vertx.core.spi.tracing; io.vertx.test.faketracer; io.vertx.core.spi.tracing
vert.x,io.vertx.core.spi.transport,Unstable Dependency,The tool detected the smell in this component because this component depends on other components that are less stable than itself. This component depends on following less stable component(s): io.vertx.core.datagram
vert.x,io.vertx.core.streams,Unstable Dependency,The tool detected the smell in this component because this component depends on other components that are less stable than itself. This component depends on following less stable component(s): io.vertx.core.streams.impl; io.vertx.test.fakestream
vert.x,io.vertx.core.streams,Feature Concentration,The tool detected the smell in this component because the component realizes more than one architectural concern/feature. Independent sets of related classes within this component are: [Pipe; ReadStream; StreamBase; WriteStream; PipeTest; PumpTest.FakeReadStream; PumpTest.FakeWriteStream; WriteStreamTest.StreamBase; WriteStreamTest.EndWithItemStreamAsync; Pump; PumpTest]; [InboundBufferTest]; [PumpTest.MyClass]; [WriteStreamTest]. LCC (Lack of Component Cohesion) = 0.29
vert.x,io.vertx.core.streams,Cyclic Dependency,The tool detected the smell in this component because this component participates in a cyclic dependency. The participating components in the cycle are: io.vertx.core.streams; io.vertx.core.streams.impl; io.vertx.core.streams
vert.x,io.vertx.benchmarks,Feature Concentration,The tool detected the smell in this component because the component realizes more than one architectural concern/feature. Independent sets of related classes within this component are: [BenchmarkBase; CombinerExecutorBenchmark; ConcurrentCyclicSequenceBenchmark; ContextBenchmark; HeadersContainsBenchmark; HeadersEncodeBenchmark; HeadersSetBenchmark; JsonDecodeBenchmark; JsonEncodeBenchmark]; [ContextBenchmark.BaselineState]; [HeadersEncodeBenchmark.PublicEncoder]; [HeadersUtils]. LCC (Lack of Component Cohesion) = 0.33
vert.x,io.vertx.it,Feature Concentration,The tool detected the smell in this component because the component realizes more than one architectural concern/feature. Independent sets of related classes within this component are: [CustomExecutorService; ExecutorServiceFactoryTest; CustomExecutorServiceFactory]; [CustomFileResolver; FileResolverFactoryTest]; [CustomFileResolverFactory]; [CustomJsonCodecTest]; [CustomJsonFactory]; [CustomVertxThread; VertxThreadFactoryTest]; [CustomVertxThreadFactory]; [HAProxyTest]; [JsonCodecTest]; [JsonTest]; [JULLogDelegateTest; Recording]; [Log4J2LogDelegateTest; StreamRecording]; [NettyCompatTest]; [SLF4JLogDelegateTest]; [SLF4JLogDelegateTest.TestLocationAwareLogger]; [SLF4JNoImplTest]; [SSLEngineTest]; [TransportTest]; [VertxTracerFactoryTest]. LCC (Lack of Component Cohesion) = 0.76
vert.x,io.vertx.test.core,Unstable Dependency,The tool detected the smell in this component because this component depends on other components that are less stable than itself. This component depends on following less stable component(s): io.vertx.core.streams; io.vertx.core.http; io.vertx.core.net; io.vertx.core.net.impl; io.vertx.core.spi.tracing; io.vertx.test.fakecluster
vert.x,io.vertx.test.core,Feature Concentration,The tool detected the smell in this component because the component realizes more than one architectural concern/feature. Independent sets of related classes within this component are: [AsyncTestBase; AsyncTestBaseTest; AsyncTestBaseTest.LateFailureReport; VertxTestBase; FileDescriptorLeakDetectorRule; RepeatRule]; [CheckingSender]; [RepeatRule.RepeatStatement]; [TestUtils]. LCC (Lack of Component Cohesion) = 0.44
vert.x,io.vertx.test.fakecluster,Unstable Dependency,The tool detected the smell in this component because this component depends on other components that are less stable than itself. This component depends on following less stable component(s): io.vertx.core.shareddata.impl
vert.x,io.vertx.test.fakemetrics,Feature Concentration,The tool detected the smell in this component because the component realizes more than one architectural concern/feature. Independent sets of related classes within this component are: [EndpointMetric; FakeHttpClientMetrics; FakeTCPMetrics; HttpClientMetric; SocketMetric; WebSocketMetric; FakeDatagramSocketMetrics; FakeMetricsBase; FakeVertxMetrics; FakeEventBusMetrics; HandlerMetric; FakeHttpServerMetrics; HttpServerMetric]; [FakeMetricsFactory]; [FakePoolMetrics]; [PacketMetric]; [ReceivedMessage]; [SentMessage]. LCC (Lack of Component Cohesion) = 0.33
vert.x,io.vertx.test.verticles,Feature Concentration,The tool detected the smell in this component because the component realizes more than one architectural concern/feature. Independent sets of related classes within this component are: [ExtraCPVerticleAlreadyInParentLoader]; [ExtraCPVerticleNotInParentLoader]; [FaultToleranceVerticle]; [HAVerticle1]; [HAVerticle2]; [HAVerticle3]; [SimpleServer]; [TestVerticle]; [TestVerticle2]; [TestVerticle3]. LCC (Lack of Component Cohesion) = 1.0
