Project Name,Package Name,Type Name,Testability Smell,Cause of the Smell
vert.x,io.vertx.core.cli,Argument,Global State,The tool detected the smell in this class because the class declares global variables. The detected global variables are: DEFAULT_ARG_NAME
vert.x,io.vertx.core.cli,Option,Global State,The tool detected the smell in this class because the class declares global variables. The detected global variables are: DEFAULT_ARG_NAME; NO_NAME
vert.x,io.vertx.core.cli,UsageMessageFormatter,Global State,The tool detected the smell in this class because the class declares global variables. The detected global variables are: DEFAULT_WIDTH; DEFAULT_LEFT_PAD; DEFAULT_DESC_PAD; DEFAULT_USAGE_PREFIX; DEFAULT_OPT_PREFIX; DEFAULT_LONG_OPT_PREFIX; DEFAULT_LONG_OPT_SEPARATOR; DEFAULT_ARG_NAME
vert.x,io.vertx.core.datagram,DatagramSocketOptions,Global State,The tool detected the smell in this class because the class declares global variables. The detected global variables are: DEFAULT_BROADCAST; DEFAULT_LOOPBACK_MODE_DISABLED; DEFAULT_MULTICAST_TIME_TO_LIVE; DEFAULT_MULTICAST_NETWORK_INTERFACE; DEFAULT_REUSE_ADDRESS; DEFAULT_IPV6
vert.x,io.vertx.core.datagram,DatagramTest,Excessive Dependency,The tool detected the smell in this class because the class depends on too many dependencies. The total number of dependencies is: 11
vert.x,io.vertx.core,DeploymentOptions,Global State,The tool detected the smell in this class because the class declares global variables. The detected global variables are: DEFAULT_WORKER; DEFAULT_HA; DEFAULT_INSTANCES
vert.x,io.vertx.core,Vertx,Excessive Dependency,The tool detected the smell in this class because the class depends on too many dependencies. The total number of dependencies is: 15
vert.x,io.vertx.core,VertxOptions,Global State,The tool detected the smell in this class because the class declares global variables. The detected global variables are: DEFAULT_EVENT_LOOP_POOL_SIZE; DEFAULT_WORKER_POOL_SIZE; DEFAULT_INTERNAL_BLOCKING_POOL_SIZE; DEFAULT_BLOCKED_THREAD_CHECK_INTERVAL; DEFAULT_BLOCKED_THREAD_CHECK_INTERVAL_UNIT; DEFAULT_MAX_EVENT_LOOP_EXECUTE_TIME; DEFAULT_MAX_EVENT_LOOP_EXECUTE_TIME_UNIT; DEFAULT_MAX_WORKER_EXECUTE_TIME; DEFAULT_MAX_WORKER_EXECUTE_TIME_UNIT; DEFAULT_QUORUM_SIZE; DEFAULT_HA_GROUP; DEFAULT_HA_ENABLED; DEFAULT_PREFER_NATIVE_TRANSPORT; DEFAULT_WARNING_EXCEPTION_TIME_UNIT; DEFAULT_DISABLE_TCCL; DEFAULT_USE_DAEMON_THREAD
vert.x,io.vertx.core,VertxOptions,Excessive Dependency,The tool detected the smell in this class because the class depends on too many dependencies. The total number of dependencies is: 8
vert.x,io.vertx.core,CustomerLauncherLowMemoryTest.Launcher,Global State,The tool detected the smell in this class because the class can be accessed as a `global` state.
vert.x,io.vertx.core,CustomerLauncherLowMemoryTest.Verticle,Global State,The tool detected the smell in this class because the class can be accessed as a `global` state.
vert.x,io.vertx.core,DeploymentTest,Excessive Dependency,The tool detected the smell in this class because the class depends on too many dependencies. The total number of dependencies is: 14
vert.x,io.vertx.core,DeploymentTest.ParentVerticle,Global State,The tool detected the smell in this class because the class can be accessed as a `global` state.
vert.x,io.vertx.core,DeploymentTest.ChildVerticle,Global State,The tool detected the smell in this class because the class can be accessed as a `global` state.
vert.x,io.vertx.core,DeploymentTest.MyVerticle,Global State,The tool detected the smell in this class because the class can be accessed as a `global` state.
vert.x,io.vertx.core,DeploymentTest.ReferenceSavingMyVerticle,Global State,The tool detected the smell in this class because the class can be accessed as a `global` state.
vert.x,io.vertx.core,FutureTest,Excessive Dependency,The tool detected the smell in this class because the class depends on too many dependencies. The total number of dependencies is: 9
vert.x,io.vertx.core,LauncherTest,Excessive Dependency,The tool detected the smell in this class because the class depends on too many dependencies. The total number of dependencies is: 12
vert.x,io.vertx.core,VertxTest,Excessive Dependency,The tool detected the smell in this class because the class depends on too many dependencies. The total number of dependencies is: 12
vert.x,io.vertx.core.dns,AddressResolverOptions,Global State,The tool detected the smell in this class because the class declares global variables. The detected global variables are: DEFAULT_SERVERS; DEFAULT_OPT_RESOURCE_ENABLED; DEFAULT_CACHE_MIN_TIME_TO_LIVE; DEFAULT_CACHE_MAX_TIME_TO_LIVE; DEFAULT_CACHE_NEGATIVE_TIME_TO_LIVE; DEFAULT_QUERY_TIMEOUT; DEFAULT_MAX_QUERIES; DEFAULT_RD_FLAG; DEFAULT_SEACH_DOMAINS; DEFAULT_NDOTS; DEFAULT_ROTATE_SERVERS; DEFAULT_ROUND_ROBIN_INET_ADDRESS
vert.x,io.vertx.core.dns,DnsClientOptions,Global State,The tool detected the smell in this class because the class declares global variables. The detected global variables are: DEFAULT_PORT; DEFAULT_HOST; DEFAULT_QUERY_TIMEOUT; DEFAULT_LOG_ENABLED; DEFAULT_LOG_ACTIVITY_FORMAT; DEFAULT_RECURSION_DESIRED
vert.x,io.vertx.core.dns,DNSTest,Excessive Dependency,The tool detected the smell in this class because the class depends on too many dependencies. The total number of dependencies is: 9
vert.x,io.vertx.core.dns,HostnameResolutionTest,Excessive Dependency,The tool detected the smell in this class because the class depends on too many dependencies. The total number of dependencies is: 12
vert.x,io.vertx.core.eventbus,DeliveryOptions,Global State,The tool detected the smell in this class because the class declares global variables. The detected global variables are: DEFAULT_TIMEOUT; DEFAULT_LOCAL_ONLY; DEFAULT_TRACING_POLICY
vert.x,io.vertx.core.eventbus,EventBusOptions,Global State,The tool detected the smell in this class because the class declares global variables. The detected global variables are: DEFAULT_CLUSTER_HOST; DEFAULT_CLUSTER_PORT; DEFAULT_CLUSTER_PUBLIC_HOST; DEFAULT_CLUSTER_PUBLIC_PORT; DEFAULT_CLUSTER_PING_INTERVAL; DEFAULT_CLUSTER_PING_REPLY_INTERVAL; DEFAULT_ACCEPT_BACKLOG; DEFAULT_CLIENT_AUTH; DEFAULT_RECONNECT_ATTEMPTS; DEFAULT_RECONNECT_INTERVAL; DEFAULT_CONNECT_TIMEOUT; DEFAULT_TRUST_ALL
vert.x,io.vertx.core.eventbus,ClusteredEventBusTest,Excessive Dependency,The tool detected the smell in this class because the class depends on too many dependencies. The total number of dependencies is: 9
vert.x,io.vertx.core.eventbus,ClusteredEventBusTestBase,Excessive Dependency,The tool detected the smell in this class because the class depends on too many dependencies. The total number of dependencies is: 12
vert.x,io.vertx.core.eventbus,EventBusTestBase,Excessive Dependency,The tool detected the smell in this class because the class depends on too many dependencies. The total number of dependencies is: 9
vert.x,io.vertx.core.eventbus,EventBusTestBase.MySystemDecoder,Global State,The tool detected the smell in this class because the class can be accessed as a `global` state.
vert.x,io.vertx.core.eventbus,EventBusTestBase.NullNameCodec,Global State,The tool detected the smell in this class because the class can be accessed as a `global` state.
vert.x,io.vertx.core.eventbus,EventBusTestBase.MyPOJOEncoder1,Global State,The tool detected the smell in this class because the class can be accessed as a `global` state.
vert.x,io.vertx.core.eventbus,EventBusTestBase.MyPOJOEncoder2,Global State,The tool detected the smell in this class because the class can be accessed as a `global` state.
vert.x,io.vertx.core.eventbus,EventBusTestBase.MyPOJO,Global State,The tool detected the smell in this class because the class can be accessed as a `global` state.
vert.x,io.vertx.core.eventbus,EventBusTestBase.MyReplyException,Global State,The tool detected the smell in this class because the class can be accessed as a `global` state.
vert.x,io.vertx.core.eventbus,EventBusTestBase.MyReplyExceptionMessageCodec,Global State,The tool detected the smell in this class because the class can be accessed as a `global` state.
vert.x,io.vertx.core.eventbus,EventBusTestBase.StringLengthCodec,Global State,The tool detected the smell in this class because the class can be accessed as a `global` state.
vert.x,io.vertx.core.eventbus,EventBusTestBase.ImmutableObject,Global State,The tool detected the smell in this class because the class can be accessed as a `global` state.
vert.x,io.vertx.core.eventbus,EventBusTestBase.ImmutableObjectCodec,Global State,The tool detected the smell in this class because the class can be accessed as a `global` state.
vert.x,io.vertx.core.eventbus,LocalEventBusTest,Excessive Dependency,The tool detected the smell in this class because the class depends on too many dependencies. The total number of dependencies is: 10
vert.x,io.vertx.core.file,CopyOptions,Global State,The tool detected the smell in this class because the class declares global variables. The detected global variables are: DEFAULT_REPLACE_EXISTING; DEFAULT_COPY_ATTRIBUTES; DEFAULT_ATOMIC_MOVE; DEFAULT_NOFOLLOW_LINKS
vert.x,io.vertx.core.file,FileSystemOptions,Global State,The tool detected the smell in this class because the class declares global variables. The detected global variables are: DEFAULT_FILE_CACHING_ENABLED; DEFAULT_CLASS_PATH_RESOLVING_ENABLED; DEFAULT_FILE_CACHING_DIR
vert.x,io.vertx.core.file,OpenOptions,Global State,The tool detected the smell in this class because the class declares global variables. The detected global variables are: DEFAULT_PERMS; DEFAULT_READ; DEFAULT_WRITE; DEFAULT_CREATE; DEFAULT_CREATENEW; DEFAULT_DSYNC; DEFAULT_SYNC; DEFAULT_DELETEONCLOSE; DEFAULT_TRUNCATEEXISTING; DEFAULT_SPARSE; DEFAULT_APPEND
vert.x,io.vertx.core.file,FileSystemTest,Excessive Dependency,The tool detected the smell in this class because the class depends on too many dependencies. The total number of dependencies is: 11
vert.x,io.vertx.core.http,Http2Settings,Global State,The tool detected the smell in this class because the class declares global variables. The detected global variables are: DEFAULT_HEADER_TABLE_SIZE; DEFAULT_ENABLE_PUSH; DEFAULT_MAX_CONCURRENT_STREAMS; DEFAULT_INITIAL_WINDOW_SIZE; DEFAULT_MAX_FRAME_SIZE; DEFAULT_MAX_HEADER_LIST_SIZE; DEFAULT_EXTRA_SETTINGS
vert.x,io.vertx.core.http,HttpClientOptions,Global State,The tool detected the smell in this class because the class declares global variables. The detected global variables are: DEFAULT_MAX_POOL_SIZE; DEFAULT_HTTP2_MAX_POOL_SIZE; DEFAULT_HTTP2_MULTIPLEXING_LIMIT; DEFAULT_HTTP2_CONNECTION_WINDOW_SIZE; DEFAULT_HTTP2_KEEP_ALIVE_TIMEOUT; DEFAULT_KEEP_ALIVE; DEFAULT_PIPELINING; DEFAULT_PIPELINING_LIMIT; DEFAULT_KEEP_ALIVE_TIMEOUT; DEFAULT_TRY_USE_COMPRESSION; DEFAULT_VERIFY_HOST; DEFAULT_MAX_WEBSOCKET_FRAME_SIZE; DEFAULT_MAX_WEBSOCKET_MESSAGE_SIZE; DEFAULT_MAX_WEBSOCKETS; DEFAULT_DEFAULT_HOST; DEFAULT_DEFAULT_PORT; DEFAULT_PROTOCOL_VERSION; DEFAULT_MAX_CHUNK_SIZE; DEFAULT_MAX_INITIAL_LINE_LENGTH; DEFAULT_MAX_HEADER_SIZE; DEFAULT_MAX_WAIT_QUEUE_SIZE; DEFAULT_ALPN_VERSIONS; DEFAULT_HTTP2_CLEAR_TEXT_UPGRADE; DEFAULT_HTTP2_CLEAR_TEXT_UPGRADE_WITH_PREFLIGHT_REQUEST; DEFAULT_SEND_UNMASKED_FRAMES; DEFAULT_MAX_REDIRECTS; DEFAULT_FORCE_SNI; DEFAULT_DECODER_INITIAL_BUFFER_SIZE; DEFAULT_TRY_USE_PER_FRAME_WEBSOCKET_COMPRESSION; DEFAULT_TRY_USE_PER_MESSAGE_WEBSOCKET_COMPRESSION; DEFAULT_WEBSOCKET_COMPRESSION_LEVEL; DEFAULT_WEBSOCKET_ALLOW_CLIENT_NO_CONTEXT; DEFAULT_WEBSOCKET_REQUEST_SERVER_NO_CONTEXT; DEFAULT_POOL_CLEANER_PERIOD; DEFAULT_POOL_EVENT_LOOP_SIZE; DEFAULT_WEBSOCKET_CLOSING_TIMEOUT; DEFAULT_TRACING_POLICY; DEFAULT_SHARED; DEFAULT_NAME
vert.x,io.vertx.core.http,HttpClientRequest,Excessive Dependency,The tool detected the smell in this class because the class depends on too many dependencies. The total number of dependencies is: 11
vert.x,io.vertx.core.http,HttpMethod,Global State,The tool detected the smell in this class because the class declares global variables. The detected global variables are: OPTIONS; GET; HEAD; POST; PUT; DELETE; TRACE; CONNECT; PATCH; PROPFIND; PROPPATCH; MKCOL; COPY; MOVE; LOCK; UNLOCK; MKCALENDAR; VERSION_CONTROL; REPORT; CHECKOUT; CHECKIN; UNCHECKOUT; MKWORKSPACE; UPDATE; LABEL; MERGE; BASELINE_CONTROL; MKACTIVITY; ORDERPATCH; ACL; SEARCH
vert.x,io.vertx.core.http,HttpServerOptions,Global State,The tool detected the smell in this class because the class declares global variables. The detected global variables are: DEFAULT_PORT; DEFAULT_COMPRESSION_SUPPORTED; DEFAULT_COMPRESSION_LEVEL; DEFAULT_MAX_WEBSOCKET_FRAME_SIZE; DEFAULT_MAX_WEBSOCKET_MESSAGE_SIZE; DEFAULT_MAX_CHUNK_SIZE; DEFAULT_MAX_INITIAL_LINE_LENGTH; DEFAULT_MAX_HEADER_SIZE; DEFAULT_MAX_FORM_ATTRIBUTE_SIZE; DEFAULT_HANDLE_100_CONTINE_AUTOMATICALLY; DEFAULT_ALPN_VERSIONS; DEFAULT_INITIAL_SETTINGS_MAX_CONCURRENT_STREAMS; DEFAULT_HTTP2_CONNECTION_WINDOW_SIZE; DEFAULT_DECOMPRESSION_SUPPORTED; DEFAULT_ACCEPT_UNMASKED_FRAMES; DEFAULT_DECODER_INITIAL_BUFFER_SIZE; DEFAULT_PER_FRAME_WEBSOCKET_COMPRESSION_SUPPORTED; DEFAULT_PER_MESSAGE_WEBSOCKET_COMPRESSION_SUPPORTED; DEFAULT_WEBSOCKET_COMPRESSION_LEVEL; DEFAULT_WEBSOCKET_ALLOW_SERVER_NO_CONTEXT; DEFAULT_WEBSOCKET_PREFERRED_CLIENT_NO_CONTEXT; DEFAULT_WEBSOCKET_CLOSING_TIMEOUT; DEFAULT_TRACING_POLICY; DEFAULT_REGISTER_WEBSOCKET_WRITE_HANDLERS
vert.x,io.vertx.core.http,HttpServerOptions,Excessive Dependency,The tool detected the smell in this class because the class depends on too many dependencies. The total number of dependencies is: 18
vert.x,io.vertx.core.http,HttpServerResponse,Excessive Dependency,The tool detected the smell in this class because the class depends on too many dependencies. The total number of dependencies is: 10
vert.x,io.vertx.core.http,RequestOptions,Global State,The tool detected the smell in this class because the class declares global variables. The detected global variables are: DEFAULT_PROXY_OPTIONS; DEFAULT_SERVER; DEFAULT_HTTP_METHOD; DEFAULT_HOST; DEFAULT_PORT; DEFAULT_SSL; DEFAULT_URI; DEFAULT_FOLLOW_REDIRECTS; DEFAULT_TIMEOUT
vert.x,io.vertx.core.http,StreamPriority,Global State,The tool detected the smell in this class because the class declares global variables. The detected global variables are: DEFAULT_DEPENDENCY; DEFAULT_WEIGHT; DEFAULT_EXCLUSIVE
vert.x,io.vertx.core.http,WebSocketConnectOptions,Global State,The tool detected the smell in this class because the class declares global variables. The detected global variables are: DEFAULT_PROXY_OPTIONS; DEFAULT_VERSION; DEFAULT_SUB_PROTOCOLS; DEFAULT_ALLOW_ORIGIN_HEADER; DEFAULT_REGISTER_WRITE_HANDLERS
vert.x,io.vertx.core.http,Http1xProxyTest,Excessive Dependency,The tool detected the smell in this class because the class depends on too many dependencies. The total number of dependencies is: 12
vert.x,io.vertx.core.http,Http1xTest,Excessive Dependency,The tool detected the smell in this class because the class depends on too many dependencies. The total number of dependencies is: 24
vert.x,io.vertx.core.http,Http1xTLSTest,Excessive Dependency,The tool detected the smell in this class because the class depends on too many dependencies. The total number of dependencies is: 9
vert.x,io.vertx.core.http,Http2ClientTest,Excessive Dependency,The tool detected the smell in this class because the class depends on too many dependencies. The total number of dependencies is: 18
vert.x,io.vertx.core.http,Http2ServerTest,Excessive Dependency,The tool detected the smell in this class because the class depends on too many dependencies. The total number of dependencies is: 19
vert.x,io.vertx.core.http,Http2Test,Excessive Dependency,The tool detected the smell in this class because the class depends on too many dependencies. The total number of dependencies is: 12
vert.x,io.vertx.core.http,HttpMetricsTestBase,Excessive Dependency,The tool detected the smell in this class because the class depends on too many dependencies. The total number of dependencies is: 16
vert.x,io.vertx.core.http,HttpTest,Excessive Dependency,The tool detected the smell in this class because the class depends on too many dependencies. The total number of dependencies is: 26
vert.x,io.vertx.core.http,HttpTestBase,Global State,The tool detected the smell in this class because the class declares global variables. The detected global variables are: DEFAULT_HTTP_HOST; DEFAULT_HTTP_PORT; DEFAULT_HTTPS_HOST; DEFAULT_HTTPS_PORT; DEFAULT_HTTPS_HOST_AND_PORT; DEFAULT_TEST_URI
vert.x,io.vertx.core.http,HttpTestBase,Excessive Dependency,The tool detected the smell in this class because the class depends on too many dependencies. The total number of dependencies is: 10
vert.x,io.vertx.core.http,HttpTLSTest,Excessive Dependency,The tool detected the smell in this class because the class depends on too many dependencies. The total number of dependencies is: 21
vert.x,io.vertx.core.http,HttpUtilsTest,Global State,The tool detected the smell in this class because the class declares global variables. The detected global variables are: HEADER_NAME_ALLOWED_CHARS
vert.x,io.vertx.core.http,WebSocketTest,Excessive Dependency,The tool detected the smell in this class because the class depends on too many dependencies. The total number of dependencies is: 31
vert.x,io.vertx.core.metrics,MetricsOptions,Global State,The tool detected the smell in this class because the class declares global variables. The detected global variables are: DEFAULT_METRICS_ENABLED
vert.x,io.vertx.core.net,ClientOptionsBase,Global State,The tool detected the smell in this class because the class declares global variables. The detected global variables are: DEFAULT_CONNECT_TIMEOUT; DEFAULT_TRUST_ALL; DEFAULT_METRICS_NAME
vert.x,io.vertx.core.net,ClientOptionsBase,Excessive Dependency,The tool detected the smell in this class because the class depends on too many dependencies. The total number of dependencies is: 13
vert.x,io.vertx.core.net,NetClientOptions,Global State,The tool detected the smell in this class because the class declares global variables. The detected global variables are: DEFAULT_RECONNECT_ATTEMPTS; DEFAULT_RECONNECT_INTERVAL; DEFAULT_HOSTNAME_VERIFICATION_ALGORITHM; DEFAULT_REGISTER_WRITE_HANDLER
vert.x,io.vertx.core.net,NetClientOptions,Excessive Dependency,The tool detected the smell in this class because the class depends on too many dependencies. The total number of dependencies is: 14
vert.x,io.vertx.core.net,NetServerOptions,Global State,The tool detected the smell in this class because the class declares global variables. The detected global variables are: DEFAULT_PORT; DEFAULT_HOST; DEFAULT_ACCEPT_BACKLOG; DEFAULT_CLIENT_AUTH; DEFAULT_SNI; DEFAULT_USE_PROXY_PROTOCOL; DEFAULT_PROXY_PROTOCOL_TIMEOUT; DEFAULT_PROXY_PROTOCOL_TIMEOUT_TIME_UNIT; DEFAULT_REGISTER_WRITE_HANDLER
vert.x,io.vertx.core.net,NetServerOptions,Excessive Dependency,The tool detected the smell in this class because the class depends on too many dependencies. The total number of dependencies is: 14
vert.x,io.vertx.core.net,NetworkOptions,Global State,The tool detected the smell in this class because the class declares global variables. The detected global variables are: DEFAULT_SEND_BUFFER_SIZE; DEFAULT_RECEIVE_BUFFER_SIZE; DEFAULT_TRAFFIC_CLASS; DEFAULT_REUSE_ADDRESS; DEFAULT_REUSE_PORT; DEFAULT_LOG_ENABLED; DEFAULT_LOG_ACTIVITY_FORMAT
vert.x,io.vertx.core.net,OpenSSLEngineOptions,Global State,The tool detected the smell in this class because the class declares global variables. The detected global variables are: DEFAULT_SESSION_CACHE_ENABLED
vert.x,io.vertx.core.net,ProxyOptions,Global State,The tool detected the smell in this class because the class declares global variables. The detected global variables are: DEFAULT_TYPE; DEFAULT_PORT; DEFAULT_HOST
vert.x,io.vertx.core.net,SSLEngineOptions,Global State,The tool detected the smell in this class because the class declares global variables. The detected global variables are: DEFAULT_USE_WORKER_POOL
vert.x,io.vertx.core.net,SSLOptions,Global State,The tool detected the smell in this class because the class declares global variables. The detected global variables are: DEFAULT_USE_ALPN; DEFAULT_SSL_HANDSHAKE_TIMEOUT; DEFAULT_SSL_HANDSHAKE_TIMEOUT_TIME_UNIT; DEFAULT_ENABLED_SECURE_TRANSPORT_PROTOCOLS
vert.x,io.vertx.core.net,TCPSSLOptions,Global State,The tool detected the smell in this class because the class declares global variables. The detected global variables are: DEFAULT_TCP_NO_DELAY; DEFAULT_TCP_KEEP_ALIVE; DEFAULT_SO_LINGER; DEFAULT_SSL; DEFAULT_IDLE_TIMEOUT; DEFAULT_IDLE_TIMEOUT_TIME_UNIT; DEFAULT_READ_IDLE_TIMEOUT; DEFAULT_WRITE_IDLE_TIMEOUT; DEFAULT_USE_ALPN; DEFAULT_SSL_ENGINE; DEFAULT_ENABLED_SECURE_TRANSPORT_PROTOCOLS; DEFAULT_TCP_FAST_OPEN; DEFAULT_TCP_CORK; DEFAULT_TCP_QUICKACK; DEFAULT_TCP_USER_TIMEOUT; DEFAULT_SSL_HANDSHAKE_TIMEOUT; DEFAULT_SSL_HANDSHAKE_TIMEOUT_TIME_UNIT
vert.x,io.vertx.core.net,TCPSSLOptions,Excessive Dependency,The tool detected the smell in this class because the class depends on too many dependencies. The total number of dependencies is: 13
vert.x,io.vertx.core.net,TrafficShapingOptions,Global State,The tool detected the smell in this class because the class declares global variables. The detected global variables are: DEFAULT_INBOUND_GLOBAL_BANDWIDTH_LIMIT; DEFAULT_OUTBOUND_GLOBAL_BANDWIDTH_LIMIT
vert.x,io.vertx.core.net,KeyStoreTest,Excessive Dependency,The tool detected the smell in this class because the class depends on too many dependencies. The total number of dependencies is: 11
vert.x,io.vertx.core.net,NetBandwidthLimitingTest,Global State,The tool detected the smell in this class because the class declares global variables. The detected global variables are: DEFAULT_HOST
vert.x,io.vertx.core.net,NetBandwidthLimitingTest,Excessive Dependency,The tool detected the smell in this class because the class depends on too many dependencies. The total number of dependencies is: 9
vert.x,io.vertx.core.net,NetTest,Excessive Dependency,The tool detected the smell in this class because the class depends on too many dependencies. The total number of dependencies is: 33
vert.x,io.vertx.core.net,ProxyErrorTest,Excessive Dependency,The tool detected the smell in this class because the class depends on too many dependencies. The total number of dependencies is: 9
vert.x,examples,CoreExamples,Excessive Dependency,The tool detected the smell in this class because the class depends on too many dependencies. The total number of dependencies is: 15
vert.x,examples,HTTP2Examples,Excessive Dependency,The tool detected the smell in this class because the class depends on too many dependencies. The total number of dependencies is: 13
vert.x,examples,HTTPExamples,Excessive Dependency,The tool detected the smell in this class because the class depends on too many dependencies. The total number of dependencies is: 11
vert.x,io.vertx.core.buffer.impl,PartialPooledByteBufAllocator,Global State,The tool detected the smell in this class because the class declares global variables. The detected global variables are: INSTANCE
vert.x,io.vertx.core.buffer.impl,VertxByteBufAllocator,Global State,The tool detected the smell in this class because the class declares global variables. The detected global variables are: POOLED_ALLOCATOR; UNPOOLED_ALLOCATOR; DEFAULT
vert.x,io.vertx.core.cli.converters,BooleanConverter,Global State,The tool detected the smell in this class because the class declares global variables. The detected global variables are: INSTANCE
vert.x,io.vertx.core.cli.converters,CharacterConverter,Global State,The tool detected the smell in this class because the class declares global variables. The detected global variables are: INSTANCE
vert.x,io.vertx.core.cli.converters,FromBasedConverter,Global State,The tool detected the smell in this class because the class declares global variables. The detected global variables are: FROM
vert.x,io.vertx.core.cli.converters,FromStringBasedConverter,Global State,The tool detected the smell in this class because the class declares global variables. The detected global variables are: FROM_STRING
vert.x,io.vertx.core.cli.converters,ValueOfBasedConverter,Global State,The tool detected the smell in this class because the class declares global variables. The detected global variables are: VALUE_OF
vert.x,io.vertx.core.cli.impl,CLIConfiguratorTest.CommandForDefaultValueTest,Global State,The tool detected the smell in this class because the class can be accessed as a `global` state.
vert.x,io.vertx.core.cli.impl,CLIConfiguratorTest.CommandForDescriptionTest,Global State,The tool detected the smell in this class because the class can be accessed as a `global` state.
vert.x,io.vertx.core.cli.impl,CLIConfiguratorTest.CommandForParsedAsList,Global State,The tool detected the smell in this class because the class can be accessed as a `global` state.
vert.x,io.vertx.core.cli.impl,CLIConfiguratorTest.CommandForTypeExtractTest,Global State,The tool detected the smell in this class because the class can be accessed as a `global` state.
vert.x,io.vertx.core.cli.impl,CLIConfiguratorTest.CommandForArgumentInjectionTest,Global State,The tool detected the smell in this class because the class can be accessed as a `global` state.
vert.x,io.vertx.core.cli.impl,CLIConfiguratorTest.CommandForMultipleArgumentTest,Global State,The tool detected the smell in this class because the class can be accessed as a `global` state.
vert.x,io.vertx.core.cli.impl,CLIConfiguratorTest.CommandWithDefaultValueOnArgument,Global State,The tool detected the smell in this class because the class can be accessed as a `global` state.
vert.x,io.vertx.core.cli.impl,HelloClI,Global State,The tool detected the smell in this class because the class declares global variables. The detected global variables are: called
vert.x,io.vertx.core.datagram.impl,DatagramSocketImpl,Excessive Dependency,The tool detected the smell in this class because the class depends on too many dependencies. The total number of dependencies is: 14
vert.x,io.vertx.core.dns.impl.decoder,RecordDecoder,Global State,The tool detected the smell in this class because the class declares global variables. The detected global variables are: MX; DOMAIN; A; AAAA; SRV; SOA; TXT
vert.x,io.vertx.core.dns.impl,DnsClientImpl,Excessive Dependency,The tool detected the smell in this class because the class depends on too many dependencies. The total number of dependencies is: 9
vert.x,io.vertx.core.eventbus.impl,CodecManager,Global State,The tool detected the smell in this class because the class declares global variables. The detected global variables are: PING_MESSAGE_CODEC; NULL_MESSAGE_CODEC; STRING_MESSAGE_CODEC; BUFFER_MESSAGE_CODEC; JSON_OBJECT_MESSAGE_CODEC; JSON_ARRAY_MESSAGE_CODEC; BYTE_ARRAY_MESSAGE_CODEC; INT_MESSAGE_CODEC; LONG_MESSAGE_CODEC; FLOAT_MESSAGE_CODEC; DOUBLE_MESSAGE_CODEC; BOOLEAN_MESSAGE_CODEC; SHORT_MESSAGE_CODEC; CHAR_MESSAGE_CODEC; BYTE_MESSAGE_CODEC; REPLY_EXCEPTION_MESSAGE_CODEC
vert.x,io.vertx.core.eventbus.impl,EventBusImpl,Excessive Dependency,The tool detected the smell in this class because the class depends on too many dependencies. The total number of dependencies is: 15
vert.x,io.vertx.core.eventbus.impl,HandlerRegistration,Excessive Dependency,The tool detected the smell in this class because the class depends on too many dependencies. The total number of dependencies is: 9
vert.x,io.vertx.core.eventbus.impl,OutboundDeliveryContext,Excessive Dependency,The tool detected the smell in this class because the class depends on too many dependencies. The total number of dependencies is: 13
vert.x,io.vertx.core.eventbus.impl,ReplyHandler,Excessive Dependency,The tool detected the smell in this class because the class depends on too many dependencies. The total number of dependencies is: 9
vert.x,io.vertx.core.eventbus.impl.clustered,ClusteredEventBus,Excessive Dependency,The tool detected the smell in this class because the class depends on too many dependencies. The total number of dependencies is: 31
vert.x,io.vertx.core.eventbus.impl.clustered,ClusteredMessage,Excessive Dependency,The tool detected the smell in this class because the class depends on too many dependencies. The total number of dependencies is: 8
vert.x,io.vertx.core.eventbus.impl.clustered,ConnectionHolder,Excessive Dependency,The tool detected the smell in this class because the class depends on too many dependencies. The total number of dependencies is: 10
vert.x,io.vertx.core.file.impl,AsyncFileImpl,Global State,The tool detected the smell in this class because the class declares global variables. The detected global variables are: DEFAULT_READ_BUFFER_SIZE
vert.x,io.vertx.core.file.impl,AsyncFileImpl,Excessive Dependency,The tool detected the smell in this class because the class depends on too many dependencies. The total number of dependencies is: 12
vert.x,io.vertx.core.file.impl,FileResolverImpl,Global State,The tool detected the smell in this class because the class declares global variables. The detected global variables are: DISABLE_FILE_CACHING_PROP_NAME; DISABLE_CP_RESOLVING_PROP_NAME; CACHE_DIR_BASE_PROP_NAME
vert.x,io.vertx.core.http.impl,CleanableHttpClient,Excessive Dependency,The tool detected the smell in this class because the class depends on too many dependencies. The total number of dependencies is: 8
vert.x,io.vertx.core.http.impl,Http1xClientConnection,Excessive Dependency,The tool detected the smell in this class because the class depends on too many dependencies. The total number of dependencies is: 33
vert.x,io.vertx.core.http.impl,Http1xConnectionBase,Excessive Dependency,The tool detected the smell in this class because the class depends on too many dependencies. The total number of dependencies is: 8
vert.x,io.vertx.core.http.impl,Http1xOrH2CHandler,Global State,The tool detected the smell in this class because the class declares global variables. The detected global variables are: HTTP_2_PREFACE
vert.x,io.vertx.core.http.impl,Http1xServerConnection,Excessive Dependency,The tool detected the smell in this class because the class depends on too many dependencies. The total number of dependencies is: 21
vert.x,io.vertx.core.http.impl,Http1xServerRequest,Excessive Dependency,The tool detected the smell in this class because the class depends on too many dependencies. The total number of dependencies is: 22
vert.x,io.vertx.core.http.impl,Http1xServerResponse,Excessive Dependency,The tool detected the smell in this class because the class depends on too many dependencies. The total number of dependencies is: 25
vert.x,io.vertx.core.http.impl,Http2ClientConnection,Excessive Dependency,The tool detected the smell in this class because the class depends on too many dependencies. The total number of dependencies is: 13
vert.x,io.vertx.core.http.impl,Http2ConnectionBase,Excessive Dependency,The tool detected the smell in this class because the class depends on too many dependencies. The total number of dependencies is: 14
vert.x,io.vertx.core.http.impl,Http2ServerConnection,Excessive Dependency,The tool detected the smell in this class because the class depends on too many dependencies. The total number of dependencies is: 14
vert.x,io.vertx.core.http.impl,Http2ServerRequest,Excessive Dependency,The tool detected the smell in this class because the class depends on too many dependencies. The total number of dependencies is: 14
vert.x,io.vertx.core.http.impl,Http2ServerResponse,Excessive Dependency,The tool detected the smell in this class because the class depends on too many dependencies. The total number of dependencies is: 20
vert.x,io.vertx.core.http.impl,Http2ServerStream,Excessive Dependency,The tool detected the smell in this class because the class depends on too many dependencies. The total number of dependencies is: 17
vert.x,io.vertx.core.http.impl,Http2UpgradeClientConnection,Excessive Dependency,The tool detected the smell in this class because the class depends on too many dependencies. The total number of dependencies is: 9
vert.x,io.vertx.core.http.impl,HttpChannelConnector,Excessive Dependency,The tool detected the smell in this class because the class depends on too many dependencies. The total number of dependencies is: 18
vert.x,io.vertx.core.http.impl,HttpClientImpl,Excessive Dependency,The tool detected the smell in this class because the class depends on too many dependencies. The total number of dependencies is: 17
vert.x,io.vertx.core.http.impl,HttpClientRequestBase,Excessive Dependency,The tool detected the smell in this class because the class depends on too many dependencies. The total number of dependencies is: 15
vert.x,io.vertx.core.http.impl,HttpClientRequestImpl,Excessive Dependency,The tool detected the smell in this class because the class depends on too many dependencies. The total number of dependencies is: 16
vert.x,io.vertx.core.http.impl,HttpClientResponseImpl,Excessive Dependency,The tool detected the smell in this class because the class depends on too many dependencies. The total number of dependencies is: 9
vert.x,io.vertx.core.http.impl,HttpNetSocket,Excessive Dependency,The tool detected the smell in this class because the class depends on too many dependencies. The total number of dependencies is: 8
vert.x,io.vertx.core.http.impl,HttpServerFileUploadImpl,Excessive Dependency,The tool detected the smell in this class because the class depends on too many dependencies. The total number of dependencies is: 8
vert.x,io.vertx.core.http.impl,HttpServerImpl,Excessive Dependency,The tool detected the smell in this class because the class depends on too many dependencies. The total number of dependencies is: 9
vert.x,io.vertx.core.http.impl,HttpServerWorker,Excessive Dependency,The tool detected the smell in this class because the class depends on too many dependencies. The total number of dependencies is: 9
vert.x,io.vertx.core.http.impl,HttpUtils,Excessive Dependency,The tool detected the smell in this class because the class depends on too many dependencies. The total number of dependencies is: 17
vert.x,io.vertx.core.http.impl,ServerWebSocketImpl,Excessive Dependency,The tool detected the smell in this class because the class depends on too many dependencies. The total number of dependencies is: 9
vert.x,io.vertx.core.http.impl,SharedClientHttpStreamEndpoint,Excessive Dependency,The tool detected the smell in this class because the class depends on too many dependencies. The total number of dependencies is: 11
vert.x,io.vertx.core.http.impl,VertxHttp2Stream,Excessive Dependency,The tool detected the smell in this class because the class depends on too many dependencies. The total number of dependencies is: 9
vert.x,io.vertx.core.http.impl,WebSocketImplBase,Excessive Dependency,The tool detected the smell in this class because the class depends on too many dependencies. The total number of dependencies is: 14
vert.x,io.vertx.core.http.impl,HttpServerHandlerBenchmark,Excessive Dependency,The tool detected the smell in this class because the class depends on too many dependencies. The total number of dependencies is: 9
vert.x,io.vertx.core.impl,AddressResolver,Global State,The tool detected the smell in this class because the class declares global variables. The detected global variables are: DEFAULT_NDOTS_RESOLV_OPTION; DEFAULT_ROTATE_RESOLV_OPTION
vert.x,io.vertx.core.impl,ContextBase,Excessive Dependency,The tool detected the smell in this class because the class depends on too many dependencies. The total number of dependencies is: 11
vert.x,io.vertx.core.impl,DeploymentManager,Excessive Dependency,The tool detected the smell in this class because the class depends on too many dependencies. The total number of dependencies is: 15
vert.x,io.vertx.core.impl,DuplicatedContext,Excessive Dependency,The tool detected the smell in this class because the class depends on too many dependencies. The total number of dependencies is: 8
vert.x,io.vertx.core.impl,HAManager,Excessive Dependency,The tool detected the smell in this class because the class depends on too many dependencies. The total number of dependencies is: 9
vert.x,io.vertx.core.impl,Utils,Global State,The tool detected the smell in this class because the class declares global variables. The detected global variables are: LINE_SEPARATOR
vert.x,io.vertx.core.impl,VerticleManager,Excessive Dependency,The tool detected the smell in this class because the class depends on too many dependencies. The total number of dependencies is: 11
vert.x,io.vertx.core.impl,VertxBuilder,Excessive Dependency,The tool detected the smell in this class because the class depends on too many dependencies. The total number of dependencies is: 17
vert.x,io.vertx.core.impl,VertxImpl,Excessive Dependency,The tool detected the smell in this class because the class depends on too many dependencies. The total number of dependencies is: 48
vert.x,io.vertx.core.impl,VertxInternal,Excessive Dependency,The tool detected the smell in this class because the class depends on too many dependencies. The total number of dependencies is: 11
vert.x,io.vertx.core.impl,VertxWrapper,Excessive Dependency,The tool detected the smell in this class because the class depends on too many dependencies. The total number of dependencies is: 22
vert.x,io.vertx.core.impl,WorkerContext,Excessive Dependency,The tool detected the smell in this class because the class depends on too many dependencies. The total number of dependencies is: 9
vert.x,io.vertx.core.impl,VertxFactoryTest,Excessive Dependency,The tool detected the smell in this class because the class depends on too many dependencies. The total number of dependencies is: 10
vert.x,io.vertx.core.impl.btc,BlockedThreadChecker,Global State,The tool detected the smell in this class because the class declares global variables. The detected global variables are: LOGGER_NAME
vert.x,io.vertx.core.impl.future,FutureBase,Excessive Dependency,The tool detected the smell in this class because the class depends on too many dependencies. The total number of dependencies is: 9
vert.x,io.vertx.core.impl.future,SucceededFuture,Global State,The tool detected the smell in this class because the class declares global variables. The detected global variables are: EMPTY
vert.x,io.vertx.core.impl.launcher,VertxCommandLauncher.CommandRegistration,Global State,The tool detected the smell in this class because the class can be accessed as a `global` state.
vert.x,io.vertx.core.impl.launcher,DefaultCommandTest.MyCommandWithoutName,Global State,The tool detected the smell in this class because the class can be accessed as a `global` state.
vert.x,io.vertx.core.impl.launcher,DefaultCommandTest.MyCommandWithoutEmptyName,Global State,The tool detected the smell in this class because the class can be accessed as a `global` state.
vert.x,io.vertx.core.impl.launcher,LauncherExtensibilityTest.FooCommand,Global State,The tool detected the smell in this class because the class can be accessed as a `global` state.
vert.x,io.vertx.core.impl.launcher.commands,BareCommand,Global State,The tool detected the smell in this class because the class declares global variables. The detected global variables are: VERTX_OPTIONS_PROP_PREFIX; VERTX_EVENTBUS_PROP_PREFIX; DEPLOYMENT_OPTIONS_PROP_PREFIX; METRICS_OPTIONS_PROP_PREFIX
vert.x,io.vertx.core.impl.launcher.commands,BareCommand,Excessive Dependency,The tool detected the smell in this class because the class depends on too many dependencies. The total number of dependencies is: 8
vert.x,io.vertx.core.impl.launcher.commands,ExecUtils,Global State,The tool detected the smell in this class because the class declares global variables. The detected global variables are: VERTX_INITIALIZATION_EXIT_CODE; VERTX_DEPLOYMENT_EXIT_CODE; PROCESS_ERROR_EXIT_CODE; SYSTEM_CONFIGURATION_EXIT_CODE
vert.x,io.vertx.core.impl.launcher.commands,ClasspathHandlerTest,Global State,The tool detected the smell in this class because the class declares global variables. The detected global variables are: VERTICLE
vert.x,io.vertx.core.impl.launcher.commands,HelloCommand,Global State,The tool detected the smell in this class because the class declares global variables. The detected global variables are: called
vert.x,io.vertx.core.impl.logging,LoggerFactory,Global State,The tool detected the smell in this class because the class declares global variables. The detected global variables are: LOGGER_DELEGATE_FACTORY_CLASS_NAME
vert.x,io.vertx.core.impl.logging,NoExceptionInInitializerErrorTest.VertxContextConverter,Global State,The tool detected the smell in this class because the class can be accessed as a `global` state.
vert.x,io.vertx.core.impl.transports,JDKTransport,Global State,The tool detected the smell in this class because the class declares global variables. The detected global variables are: INSTANCE
vert.x,io.vertx.core.json,Json,Global State,The tool detected the smell in this class because the class declares global variables. The detected global variables are: CODEC
vert.x,io.vertx.core.json,JacksonTest.MyPojo,Global State,The tool detected the smell in this class because the class can be accessed as a `global` state.
vert.x,io.vertx.core.json,JsonCodecTest,Excessive Dependency,The tool detected the smell in this class because the class depends on too many dependencies. The total number of dependencies is: 8
vert.x,io.vertx.core.json,JsonFactory1,Global State,The tool detected the smell in this class because the class declares global variables. The detected global variables are: ORDER
vert.x,io.vertx.core.json,JsonFactory2,Global State,The tool detected the smell in this class because the class declares global variables. The detected global variables are: ORDER
vert.x,io.vertx.core.json,JsonFactory3,Global State,The tool detected the smell in this class because the class declares global variables. The detected global variables are: ORDER
vert.x,io.vertx.core.json,JsonPOJOMapperTest.MyType,Global State,The tool detected the smell in this class because the class can be accessed as a `global` state.
vert.x,io.vertx.core.json,JsonPOJOMapperTest.MyType2,Global State,The tool detected the smell in this class because the class can be accessed as a `global` state.
vert.x,io.vertx.core.json,JsonPOJOMapperTest.MyType3,Global State,The tool detected the smell in this class because the class can be accessed as a `global` state.
vert.x,io.vertx.core.json.impl,JsonUtil,Global State,The tool detected the smell in this class because the class declares global variables. The detected global variables are: BASE64_ENCODER; BASE64_DECODER; DEFAULT_CLONER
vert.x,io.vertx.core.json.jackson,JacksonFactory,Global State,The tool detected the smell in this class because the class declares global variables. The detected global variables are: INSTANCE; CODEC
vert.x,io.vertx.core.json.pointer.impl,JsonPointerImpl,Global State,The tool detected the smell in this class because the class declares global variables. The detected global variables are: VALID_POINTER_PATTERN
vert.x,io.vertx.core.metrics.impl,DummyVertxMetrics,Global State,The tool detected the smell in this class because the class declares global variables. The detected global variables are: INSTANCE; INSTANCE; INSTANCE; INSTANCE; INSTANCE; INSTANCE; INSTANCE; INSTANCE
vert.x,io.vertx.core.metrics.impl,DummyVertxMetrics.DummyEventBusMetrics,Global State,The tool detected the smell in this class because the class can be accessed as a `global` state.
vert.x,io.vertx.core.metrics.impl,DummyVertxMetrics.DummyEventBusMetrics,Global State,The tool detected the smell in this class because the class declares global variables. The detected global variables are: INSTANCE
vert.x,io.vertx.core.metrics.impl,DummyVertxMetrics.DummyHttpServerMetrics,Global State,The tool detected the smell in this class because the class can be accessed as a `global` state.
vert.x,io.vertx.core.metrics.impl,DummyVertxMetrics.DummyHttpServerMetrics,Global State,The tool detected the smell in this class because the class declares global variables. The detected global variables are: INSTANCE
vert.x,io.vertx.core.metrics.impl,DummyVertxMetrics.DummyHttpClientMetrics,Global State,The tool detected the smell in this class because the class can be accessed as a `global` state.
vert.x,io.vertx.core.metrics.impl,DummyVertxMetrics.DummyHttpClientMetrics,Global State,The tool detected the smell in this class because the class declares global variables. The detected global variables are: INSTANCE
vert.x,io.vertx.core.metrics.impl,DummyVertxMetrics.DummyClientMetrics,Global State,The tool detected the smell in this class because the class can be accessed as a `global` state.
vert.x,io.vertx.core.metrics.impl,DummyVertxMetrics.DummyClientMetrics,Global State,The tool detected the smell in this class because the class declares global variables. The detected global variables are: INSTANCE
vert.x,io.vertx.core.metrics.impl,DummyVertxMetrics.DummyTCPMetrics,Global State,The tool detected the smell in this class because the class can be accessed as a `global` state.
vert.x,io.vertx.core.metrics.impl,DummyVertxMetrics.DummyTCPMetrics,Global State,The tool detected the smell in this class because the class declares global variables. The detected global variables are: INSTANCE
vert.x,io.vertx.core.metrics.impl,DummyVertxMetrics.DummyDatagramMetrics,Global State,The tool detected the smell in this class because the class can be accessed as a `global` state.
vert.x,io.vertx.core.metrics.impl,DummyVertxMetrics.DummyDatagramMetrics,Global State,The tool detected the smell in this class because the class declares global variables. The detected global variables are: INSTANCE
vert.x,io.vertx.core.metrics.impl,DummyVertxMetrics.DummyWorkerPoolMetrics,Global State,The tool detected the smell in this class because the class can be accessed as a `global` state.
vert.x,io.vertx.core.metrics.impl,DummyVertxMetrics.DummyWorkerPoolMetrics,Global State,The tool detected the smell in this class because the class declares global variables. The detected global variables are: INSTANCE
vert.x,io.vertx.core.net.impl,ChannelProvider,Excessive Dependency,The tool detected the smell in this class because the class depends on too many dependencies. The total number of dependencies is: 8
vert.x,io.vertx.core.net.impl,ConnectionBase,Global State,The tool detected the smell in this class because the class declares global variables. The detected global variables are: CLOSED_EXCEPTION; REMOTE_ADDRESS_OVERRIDE; LOCAL_ADDRESS_OVERRIDE
vert.x,io.vertx.core.net.impl,HAProxyMessageCompletionHandler,Global State,The tool detected the smell in this class because the class declares global variables. The detected global variables are: UNSUPPORTED_PROTOCOL_EXCEPTION
vert.x,io.vertx.core.net.impl,KeyStoreHelper,Global State,The tool detected the smell in this class because the class declares global variables. The detected global variables are: DUMMY_PASSWORD
vert.x,io.vertx.core.net.impl,NetClientImpl,Excessive Dependency,The tool detected the smell in this class because the class depends on too many dependencies. The total number of dependencies is: 15
vert.x,io.vertx.core.net.impl,NetSocketImpl,Excessive Dependency,The tool detected the smell in this class because the class depends on too many dependencies. The total number of dependencies is: 11
vert.x,io.vertx.core.net.impl,SSLHelper,Excessive Dependency,The tool detected the smell in this class because the class depends on too many dependencies. The total number of dependencies is: 13
vert.x,io.vertx.core.net.impl,TCPServerBase,Excessive Dependency,The tool detected the smell in this class because the class depends on too many dependencies. The total number of dependencies is: 21
vert.x,io.vertx.core.net.impl,TrustAllTrustManager,Global State,The tool detected the smell in this class because the class declares global variables. The detected global variables are: INSTANCE
vert.x,io.vertx.core.net.impl.pool,EndpointResolver.ResolvedEndpoint,Global State,The tool detected the smell in this class because the class can be accessed as a `global` state.
vert.x,io.vertx.core.net.impl.pool,SimpleConnectionPool,Excessive Dependency,The tool detected the smell in this class because the class depends on too many dependencies. The total number of dependencies is: 11
vert.x,io.vertx.core.net.impl.pool,ConnectionPoolTest,Excessive Dependency,The tool detected the smell in this class because the class depends on too many dependencies. The total number of dependencies is: 12
vert.x,io.vertx.core.net.impl.pool,SynchronizationTest,Global State,The tool detected the smell in this class because the class declares global variables. The detected global variables are: res; ONE_MILLI_IN_NANO; ONE_MICRO_IN_NANO
vert.x,io.vertx.core.net.impl.pool,SynchronizationTest.Utils,Global State,The tool detected the smell in this class because the class can be accessed as a `global` state.
vert.x,io.vertx.core.net.impl.pool,SynchronizationTest.Utils,Global State,The tool detected the smell in this class because the class declares global variables. The detected global variables are: res; ONE_MILLI_IN_NANO; ONE_MICRO_IN_NANO
vert.x,io.vertx.core.parsetools,JsonParserTest,Excessive Dependency,The tool detected the smell in this class because the class depends on too many dependencies. The total number of dependencies is: 9
vert.x,io.vertx.core.parsetools,JsonParserTest.TheObject,Global State,The tool detected the smell in this class because the class can be accessed as a `global` state.
vert.x,io.vertx.core.shareddata,AsyncMapTest.SomeObject,Global State,The tool detected the smell in this class because the class can be accessed as a `global` state.
vert.x,io.vertx.core.shareddata,AsyncMapTest.SomeSerializableObject,Global State,The tool detected the smell in this class because the class can be accessed as a `global` state.
vert.x,io.vertx.core.shareddata,AsyncMapTest.SomeClusterSerializableObject,Global State,The tool detected the smell in this class because the class can be accessed as a `global` state.
vert.x,io.vertx.core.shareddata.impl,SharedDataImpl.WrappedAsyncMap,Global State,The tool detected the smell in this class because the class can be accessed as a `global` state.
vert.x,io.vertx.core.spi.metrics,VertxMetrics,Excessive Dependency,The tool detected the smell in this class because the class depends on too many dependencies. The total number of dependencies is: 11
vert.x,io.vertx.core.spi.metrics,MetricsContextTest,Excessive Dependency,The tool detected the smell in this class because the class depends on too many dependencies. The total number of dependencies is: 8
vert.x,io.vertx.core.spi.metrics,MetricsOptionsTest,Excessive Dependency,The tool detected the smell in this class because the class depends on too many dependencies. The total number of dependencies is: 8
vert.x,io.vertx.core.spi.metrics,MetricsTest,Excessive Dependency,The tool detected the smell in this class because the class depends on too many dependencies. The total number of dependencies is: 15
vert.x,io.vertx.core.spi.tracing,HttpTracerTestBase,Excessive Dependency,The tool detected the smell in this class because the class depends on too many dependencies. The total number of dependencies is: 9
vert.x,io.vertx.core.streams.impl,InboundBuffer,Global State,The tool detected the smell in this class because the class declares global variables. The detected global variables are: END_SENTINEL
vert.x,io.vertx.benchmarks,ContextBenchmark.BaselineState,Global State,The tool detected the smell in this class because the class can be accessed as a `global` state.
vert.x,io.vertx.benchmarks,HeadersUtils,Global State,The tool detected the smell in this class because the class declares global variables. The detected global variables are: DATE_FORMAT; VERTX_HEADER; TEXT_PLAIN_HEADER; CONTENT_LENGTH_HEADER; DATE_HEADER
vert.x,io.vertx.it,CustomExecutorService,Global State,The tool detected the smell in this class because the class declares global variables. The detected global variables are: executing
vert.x,io.vertx.it,CustomExecutorServiceFactory,Global State,The tool detected the smell in this class because the class declares global variables. The detected global variables are: NUM
vert.x,io.vertx.it,CustomJsonFactory,Global State,The tool detected the smell in this class because the class declares global variables. The detected global variables are: CODEC
vert.x,io.vertx.test.core,AsyncTestBaseTest.LateFailureReport,Global State,The tool detected the smell in this class because the class can be accessed as a `global` state.
vert.x,io.vertx.test.core,TestUtils,Global State,The tool detected the smell in this class because the class declares global variables. The detected global variables are: MAVEN_TARGET_DIR; NON_ROUTABLE_HOST
vert.x,io.vertx.test.core,TestUtils,Excessive Dependency,The tool detected the smell in this class because the class depends on too many dependencies. The total number of dependencies is: 9
vert.x,io.vertx.test.core,VertxTestBase,Global State,The tool detected the smell in this class because the class declares global variables. The detected global variables are: USE_NATIVE_TRANSPORT; USE_DOMAIN_SOCKETS
vert.x,io.vertx.test.core,VertxTestBase,Excessive Dependency,The tool detected the smell in this class because the class depends on too many dependencies. The total number of dependencies is: 9
vert.x,io.vertx.test.fakedns,FakeDNSServer,Global State,The tool detected the smell in this class because the class declares global variables. The detected global variables are: PORT; IP_ADDRESS
vert.x,io.vertx.test.fakedns,FakeDNSServer.VertxResourceRecord,Global State,The tool detected the smell in this class because the class can be accessed as a `global` state.
vert.x,io.vertx.test.fakemetrics,FakeHttpServerMetrics,Excessive Dependency,The tool detected the smell in this class because the class depends on too many dependencies. The total number of dependencies is: 10
vert.x,io.vertx.test.fakemetrics,FakeVertxMetrics,Excessive Dependency,The tool detected the smell in this class because the class depends on too many dependencies. The total number of dependencies is: 8
vert.x,io.vertx.test.proxy,HttpProxy,Global State,The tool detected the smell in this class because the class declares global variables. The detected global variables are: DEFAULT_PORT
vert.x,io.vertx.test.proxy,Socks4Proxy,Global State,The tool detected the smell in this class because the class declares global variables. The detected global variables are: DEFAULT_PORT
vert.x,io.vertx.test.proxy,SocksProxy,Global State,The tool detected the smell in this class because the class declares global variables. The detected global variables are: DEFAULT_PORT
vert.x,io.vertx.test.verticles,ExtraCPVerticleNotInParentLoader,Global State,The tool detected the smell in this class because the class declares global variables. The detected global variables are: cl
vert.x,io.vertx.test.verticles,TestVerticle,Global State,The tool detected the smell in this class because the class declares global variables. The detected global variables are: instanceCount; processArgs; conf
